policy_number,ssn,first_name,last_name,dob,gender,policy_type,policy_status,issue_date,face_amount,org_code
LNL0000001,987-65-4321,RICHARD,GONZALEZ,1977-01-29,M,TERM_10,ACTIVE,2025-01-29,42697.74,lnl
LNL0000002,987-65-4321,RICHARD,GONZALEZ,1977-01-29,M,ENDOWMENT,ACTIVE,2020-09-25,25481.12,lnl
LNL0000003,100-00-0005,HAROLD,WRIGHT,1968-01-08,M,UNIVERSAL_LIFE,ACTIVE,2016-09-29,425667.53,lnl
LNL0000004,100-00-0010,KATHLEEN,KING,1965-12-23,M,UNIVERSAL_LIFE,CANCELLED,2005-08-29,222847.22,lnl
LNL0000005,100-00-0010,KATHLEEN,KING,1965-12-23,M,WHOLE_LIFE,CANCELLED,2010-06-03,597765.49,lnl
LNL0000006,100-00-0010,KATHLEEN,KING,1965-12-23,M,TERM_20,LAPSED,2017-08-05,59302.67,lnl
LNL0000007,100-00-0012,PATRICK,SUTTON,1992-09-13,F,WHOLE_LIFE,ACTIVE,2005-11-26,20150.23,lnl
LNL0000008,100-00-0015,AMANDA,MAYS,1990-09-11,U,TERM_10,LAPSED,2022-02-03,249661.64,lnl
LNL0000009,100-00-0015,AMANDA,MAYS,1990-09-11,U,TERM_10,CANCELLED,2018-08-14,43113.26,lnl
LNL0000010,100-00-0020,TRACY,FISHER,1964-01-11,U,WHOLE_LIFE,LAPSED,2025-07-25,491528.32,lnl
LNL0000011,100-00-0020,TRACY,FISHER,1964-01-11,U,TERM_10,ACTIVE,2021-03-15,23015.87,lnl
LNL0000012,100-00-0020,TRACY,FISHER,1964-01-11,U,TERM_10,ACTIVE,2024-01-12,117528.51,lnl
LNL0000013,,CHRISTIE,ROBINSON,1968-12-12,F,TERM_20,ACTIVE,2024-12-25,53827.70,lnl
LNL0000014,100-00-0029,RACHEL,BROOKS,1986-05-24,M,TERM_20,ACTIVE,2023-11-15,53326.29,lnl
LNL0000015,100-00-0034,PAUL,FLEMING,1996-11-19,F,TERM_20,PENDING,2023-11-11,23891.59,lnl
LNL0000016,100-00-0037,EDWIN,GUERRERO,1966-10-30,F,TERM_20,ACTIVE,2005-01-01,434381.80,lnl
LNL0000017,100-00-0039,MELISSA,MORGAN,1998-02-15,U,TERM_20,ACTIVE,2024-09-02,21594.21,lnl
LNL0000018,100-00-0039,MELISSA,MORGAN,1998-02-15,U,TERM_20,LAPSED,2013-10-28,96043.91,lnl
LNL0000019,100-00-0039,MELISSA,MORGAN,1998-02-15,U,UNIVERSAL_LIFE,ACTIVE,2005-02-19,50938.89,lnl
LNL0000020,100-00-0041,STACEY,RICE,1963-09-21,U,WHOLE_LIFE,ACTIVE,2008-12-23,102671.60,lnl
LNL0000021,100-00-0041,STACEY,RICE,1963-09-21,U,TERM_10,ACTIVE,2017-06-11,430669.68,lnl
LNL0000022,100-00-0044,KIM,HARRISON,1990-05-21,M,TERM_20,PENDING,2013-11-25,110925.94,lnl
LNL0000023,100-00-0044,KIM,HARRISON,1990-05-21,M,TERM_10,LAPSED,2020-10-16,20894.94,lnl
LNL0000024,100-00-0049,RICHARD,ADAMS,1974-03-11,F,WHOLE_LIFE,ACTIVE,2010-06-26,295932.60,lnl
LNL0000025,100-00-0053,ADRIAN,HARRIS,1972-01-31,U,TERM_20,ACTIVE,2006-12-07,237975.72,lnl
LNL0000026,100-00-0053,ADRIAN,HARRIS,1972-01-31,U,UNIVERSAL_LIFE,ACTIVE,2016-05-05,29560.90,lnl
LNL0000027,100-00-0054,VERONICA,FERGUSON,1979-01-27,M,TERM_10,ACTIVE,2012-02-27,109468.73,lnl
LNL0000028,100-00-0054,VERONICA,FERGUSON,1979-01-27,M,UNIVERSAL_LIFE,ACTIVE,2013-05-25,59101.31,lnl
LNL0000029,100-00-0055,STEVEN,MCCULLOUGH,1983-12-20,M,ENDOWMENT,ACTIVE,2015-12-06,519157.46,lnl
LNL0000030,100-00-0055,STEVEN,MCCULLOUGH,1983-12-20,M,UNIVERSAL_LIFE,ACTIVE,2007-03-15,203346.08,lnl
LNL0000031,100-00-0058,CATHERINE,DAVILA,1983-04-07,M,WHOLE_LIFE,LAPSED,2005-04-06,243596.99,lnl
LNL0000032,100-00-0062,MICHAEL,LEWIS,1980-10-02,M,ENDOWMENT,CANCELLED,2022-07-28,29328.97,lnl
LNL0000033,100-00-0067,SAMANTHA,MARTIN,1965-10-16,M,TERM_10,PENDING,2005-01-03,21263.32,lnl
LNL0000034,100-00-0067,SAMANTHA,MARTIN,1965-10-16,M,WHOLE_LIFE,PENDING,2022-04-21,80809.01,lnl
LNL0000035,100-00-0067,SAMANTHA,MARTIN,1965-10-16,M,ENDOWMENT,PENDING,2022-03-16,40779.56,lnl
LNL0000036,100-00-0070,LATOYA,LARSON,1993-07-13,F,TERM_20,LAPSED,2021-11-24,21839.03,lnl
LNL0000037,,TONYA,RAYMOND,1967-12-20,U,UNIVERSAL_LIFE,ACTIVE,2025-03-11,89755.52,lnl
LNL0000038,100-00-0077,DONNA,JOHNSON,1961-08-30,M,TERM_20,LAPSED,2005-12-03,55968.49,lnl
LNL0000039,100-00-0079,ANDREW,WELLS,1967-09-05,F,TERM_20,LAPSED,2012-08-18,54151.31,lnl
LNL0000040,,ANDREW,WELLS,1967-09-05,F,ENDOWMENT,ACTIVE,2015-10-08,201456.58,lnl
LNL0000041,100-00-0080,LORI,MILLER,1963-08-22,F,TERM_20,ACTIVE,2025-12-17,29520.21,lnl
LNL0000042,100-00-0084,RONALD,MILLER,1966-05-30,F,TERM_20,ACTIVE,2005-01-29,47453.42,lnl
LNL0000043,100-00-0084,RONALD,MILLER,1966-05-30,F,TERM_10,ACTIVE,2012-03-05,95604.47,lnl
LNL0000044,100-00-0084,RONALD,MILLER,1966-05-30,F,WHOLE_LIFE,LAPSED,2023-09-25,415753.93,lnl
LNL0000045,100-00-0085,KYLE,SMITH,1960-04-02,F,TERM_10,CANCELLED,2007-07-03,95550.54,lnl
LNL0000046,100-00-0085,KYLE,SMITH,1960-04-02,F,UNIVERSAL_LIFE,ACTIVE,2006-03-17,51066.24,lnl
LNL0000047,100-00-0090,MARK,MILLS,1966-02-03,U,UNIVERSAL_LIFE,LAPSED,2024-07-07,92575.24,lnl
LNL0000048,100-00-0090,MARK,MILLS,1966-02-03,U,WHOLE_LIFE,ACTIVE,2009-01-04,57558.88,lnl
LNL0000049,100-00-0093,JAMES,COBB,1969-01-02,M,TERM_20,ACTIVE,2011-11-06,98772.39,lnl
LNL0000050,100-00-0097,BRIAN,LEWIS,1979-11-14,F,TERM_20,ACTIVE,2010-07-19,117031.25,lnl
LNL0000051,100-00-0099,JONATHAN,POWELL,1978-02-15,M,ENDOWMENT,ACTIVE,2018-06-02,28072.17,lnl
LNL0000052,100-00-0104,KATHRYN,GOMEZ,1991-03-05,F,TERM_10,ACTIVE,2013-08-16,85589.31,lnl
LNL0000053,100-00-0107,HEATHER,NIELSEN,1965-11-15,U,TERM_10,ACTIVE,2016-06-06,228078.78,lnl
LNL0000054,100-00-0108,DAVID,SHIELDS,1994-12-10,U,TERM_20,PENDING,2021-11-18,100743.24,lnl
LNL0000055,100-00-0113,CAROL,BURGESS,1987-04-11,F,TERM_10,ACTIVE,2009-08-09,25537.05,lnl
LNL0000056,100-00-0113,CAROL,BURGESS,1987-04-11,F,WHOLE_LIFE,ACTIVE,2009-06-10,114470.92,lnl
LNL0000057,100-00-0115,CATHY,ORTIZ,1964-04-29,M,TERM_20,LAPSED,2006-12-19,20745.17,lnl
LNL0000058,100-00-0116,COLIN,THOMAS,1973-04-11,M,WHOLE_LIFE,ACTIVE,2022-06-24,86964.94,lnl
LNL0000059,100-00-0116,COLIN,THOMAS,1973-04-11,M,WHOLE_LIFE,ACTIVE,2015-07-11,50251.55,lnl
LNL0000060,100-00-0118,GRANT,THOMPSON,1978-05-21,M,TERM_10,ACTIVE,2019-10-16,103950.60,lnl
LNL0000061,100-00-0118,GRANT,THOMPSON,1978-05-21,M,UNIVERSAL_LIFE,ACTIVE,2017-05-15,109952.30,lnl
LNL0000062,100-00-0120,DUSTIN,CLARK,1999-06-29,U,WHOLE_LIFE,LAPSED,2014-05-04,42476.00,lnl
LNL0000063,100-00-0120,DUSTIN,CLARK,1999-06-29,U,WHOLE_LIFE,ACTIVE,2009-02-05,42607.40,lnl
LNL0000064,100-00-0122,ANN,TOWNSEND,1994-07-25,F,ENDOWMENT,LAPSED,2010-12-10,27833.24,lnl
LNL0000065,100-00-0122,ANN,TOWNSEND,1994-07-25,F,ENDOWMENT,ACTIVE,2017-01-06,26769.58,lnl
LNL0000066,100-00-0122,ANN,TOWNSEND,1994-07-25,F,TERM_10,ACTIVE,2011-01-29,594366.31,lnl
LNL0000067,100-00-0125,LAUREN,MATHIS,1997-12-14,F,UNIVERSAL_LIFE,LAPSED,2015-06-04,468854.23,lnl
LNL0000068,100-00-0125,LAUREN,MATHIS,1997-12-14,F,TERM_10,ACTIVE,2022-10-14,521578.06,lnl
LNL0000069,100-00-0127,DAVID,SHORT,1998-06-25,F,ENDOWMENT,ACTIVE,2006-07-25,52045.59,lnl
LNL0000070,100-00-0127,DAVID,SHORT,1998-06-25,F,WHOLE_LIFE,ACTIVE,2018-02-18,276045.84,lnl
LNL0000071,100-00-0127,DAVID,SHORT,1998-06-25,F,WHOLE_LIFE,ACTIVE,2009-03-02,115129.20,lnl
LNL0000072,100-00-0128,JACOB,JONES,1990-06-05,M,UNIVERSAL_LIFE,ACTIVE,2021-09-30,94449.71,lnl
LNL0000073,100-00-0128,JACOB,JONES,1990-06-05,M,TERM_10,ACTIVE,2024-02-08,295669.41,lnl
LNL0000074,100-00-0130,KEITH,WILLIS,1972-11-26,M,UNIVERSAL_LIFE,ACTIVE,2009-12-24,501427.05,lnl
LNL0000075,100-00-0135,BRANDON,ROBINSON,1997-05-06,M,TERM_10,ACTIVE,2011-03-30,98374.08,lnl
LNL0000076,100-00-0140,RAYMOND,SHORT,1969-09-14,F,TERM_20,ACTIVE,2021-11-08,25217.73,lnl
LNL0000077,100-00-0140,RAYMOND,SHORT,1969-09-14,F,WHOLE_LIFE,ACTIVE,2013-07-01,52436.41,lnl
LNL0000078,100-00-0143,REGINALD,GUTIERREZ,1975-02-08,F,TERM_10,ACTIVE,2023-12-23,521141.01,lnl
LNL0000079,100-00-0143,REGINALD,GUTIERREZ,1975-02-08,F,UNIVERSAL_LIFE,ACTIVE,2005-07-18,420591.66,lnl
LNL0000080,100-00-0147,NATHAN,DAVIS,1978-07-29,F,UNIVERSAL_LIFE,PENDING,2025-08-14,277683.66,lnl
LNL0000081,100-00-0151,NICHOLE,LEBLANC,1964-02-27,M,TERM_10,ACTIVE,2015-03-17,572197.67,lnl
LNL0000082,100-00-0151,NICHOLE,LEBLANC,1964-02-27,M,TERM_10,LAPSED,2007-04-23,26432.22,lnl
LNL0000083,100-00-0156,JENNIFER,ROSS,1976-09-24,U,UNIVERSAL_LIFE,LAPSED,2025-02-09,441747.93,lnl
LNL0000084,100-00-0156,JENNIFER,ROSS,1976-09-24,U,TERM_20,CANCELLED,2011-12-07,47655.86,lnl
LNL0000085,100-00-0157,SCOTT,COLLINS,1994-07-30,F,TERM_10,ACTIVE,2008-12-16,51795.03,lnl
LNL0000086,100-00-0157,SCOTT,COLLINS,1994-07-30,F,TERM_20,LAPSED,2020-06-17,429311.49,lnl
LNL0000087,100-00-0161,DESTINY,VALDEZ,1973-12-20,U,ENDOWMENT,CANCELLED,2006-07-16,111394.79,lnl
LNL0000088,100-00-0163,LANCE,SAWYER,1989-04-22,U,ENDOWMENT,LAPSED,2010-07-17,458470.76,lnl
LNL0000089,100-00-0165,JENNIFER,ROBINSON,1964-09-28,U,UNIVERSAL_LIFE,ACTIVE,2014-09-07,520817.66,lnl
LNL0000090,100-00-0168,LISA,CRAIG,1969-10-21,U,UNIVERSAL_LIFE,ACTIVE,2014-02-25,248191.35,lnl
LNL0000091,100-00-0171,JOHN,PHILLIPS,1977-03-16,F,WHOLE_LIFE,ACTIVE,2006-01-13,49815.30,lnl
LNL0000092,100-00-0171,JOHN,PHILLIPS,1977-03-16,F,WHOLE_LIFE,ACTIVE,2024-09-02,253147.17,lnl
LNL0000093,100-00-0173,KAREN,MILLER,1993-09-16,M,TERM_10,ACTIVE,2014-03-16,201847.36,lnl
LNL0000094,100-00-0173,KAREN,MILLER,1993-09-16,M,UNIVERSAL_LIFE,ACTIVE,2013-09-17,42809.47,lnl
LNL0000095,100-00-0177,SAMUEL,STUART,1978-11-21,F,ENDOWMENT,ACTIVE,2019-10-08,107872.72,lnl
LNL0000096,100-00-0177,SAMUEL,STUART,1978-11-21,F,TERM_10,ACTIVE,2005-09-19,48256.34,lnl
LNL0000097,100-00-0177,SAMUEL,STUART,1978-11-21,F,WHOLE_LIFE,ACTIVE,2012-01-27,464208.22,lnl
LNL0000098,100-00-0181,JONATHAN,GORDON,1982-07-27,F,TERM_10,CANCELLED,2013-04-14,557582.03,lnl
LNL0000099,100-00-0182,REBECCA,BAXTER,1995-05-10,F,TERM_20,ACTIVE,2023-06-24,502553.10,lnl
LNL0000100,100-00-0185,KRISTINA,FERGUSON,1965-09-16,F,TERM_20,CANCELLED,2005-10-24,24726.18,lnl
LNL0000101,100-00-0190,SARAH,SCOTT,1999-07-18,F,ENDOWMENT,ACTIVE,2005-10-26,53432.17,lnl
LNL0000102,100-00-0194,NICOLE,ORTIZ,1989-07-11,U,ENDOWMENT,ACTIVE,2005-10-05,51958.35,lnl
LNL0000103,100-00-0194,NICOLE,ORTIZ,1989-07-11,U,WHOLE_LIFE,ACTIVE,2008-09-02,233022.43,lnl
LNL0000104,100-00-0198,DOMINIQUE,CARR,1972-08-30,F,ENDOWMENT,ACTIVE,2025-03-05,593945.98,lnl
LNL0000105,100-00-0198,DOMINIQUE,CARR,1972-08-30,F,TERM_10,ACTIVE,2010-02-21,45080.20,lnl
LNL0000106,100-00-0200,JUSTIN,GREGORY,1998-09-12,U,UNIVERSAL_LIFE,ACTIVE,2011-04-07,98767.45,lnl
LNL0000107,100-00-0205,CASSANDRA,ARCHER,1968-09-21,F,WHOLE_LIFE,ACTIVE,2007-02-28,499927.56,lnl
LNL0000108,,CASSANDRA,ARCHER,1968-09-21,F,TERM_10,ACTIVE,2010-02-01,46371.31,lnl
LNL0000109,100-00-0209,ELIZABETH,ALEXANDER,1999-10-23,M,UNIVERSAL_LIFE,LAPSED,2016-09-11,278256.51,lnl
LNL0000110,100-00-0212,NOAH,CLAY,1960-03-11,U,ENDOWMENT,LAPSED,2024-07-07,55354.20,lnl
LNL0000111,100-00-0212,NOAH,CLAY,1960-03-11,U,ENDOWMENT,ACTIVE,2018-11-02,55246.86,lnl
LNL0000112,100-00-0215,MICHAEL,ESTRADA,1991-02-23,F,WHOLE_LIFE,ACTIVE,2020-06-04,115489.79,lnl
LNL0000113,100-00-0218,HEATHER,OCONNELL,1999-12-25,U,ENDOWMENT,ACTIVE,2007-03-07,416833.84,lnl
LNL0000114,100-00-0220,JAMES,ORTEGA,1995-06-01,U,TERM_20,ACTIVE,2025-04-06,222290.42,lnl
LNL0000115,100-00-0222,GEORGE,BOWMAN,1989-06-24,F,TERM_10,CANCELLED,2016-06-04,115350.12,lnl
LNL0000116,100-00-0225,DIANE,PAUL,1978-04-24,F,ENDOWMENT,ACTIVE,2022-02-13,269198.96,lnl
LNL0000117,100-00-0225,DIANE,PAUL,1978-04-24,F,WHOLE_LIFE,ACTIVE,2024-12-19,286277.17,lnl
LNL0000118,100-00-0225,DIANE,PAUL,1978-04-24,F,UNIVERSAL_LIFE,ACTIVE,2005-11-22,28760.74,lnl
LNL0000119,100-00-0227,MICHELLE,HALL,1960-02-29,M,UNIVERSAL_LIFE,ACTIVE,2019-04-18,270348.12,lnl
LNL0000120,,MICHELLE,HALL,1960-02-29,M,ENDOWMENT,ACTIVE,2011-12-04,286725.63,lnl
LNL0000121,100-00-0231,MICHELLE,REED,1983-11-08,M,TERM_10,ACTIVE,2024-11-03,46001.26,lnl
LNL0000122,100-00-0236,RICARDO,RODRIGUEZ,1983-06-03,F,TERM_10,ACTIVE,2022-11-12,467858.61,lnl
LNL0000123,,AMANDA,SMITH,1982-12-05,F,WHOLE_LIFE,ACTIVE,2008-11-10,40964.53,lnl
LNL0000124,100-00-0239,LANCE,CHAMBERS,1971-11-02,U,TERM_10,LAPSED,2015-01-14,108406.71,lnl
LNL0000125,100-00-0239,LANCE,CHAMBERS,1971-11-02,U,WHOLE_LIFE,ACTIVE,2010-07-24,454780.46,lnl
LNL0000126,100-00-0239,LANCE,CHAMBERS,1971-11-02,U,ENDOWMENT,ACTIVE,2006-03-18,27350.25,lnl
LNL0000127,100-00-0241,JULIE,JACKSON,1980-12-29,U,WHOLE_LIFE,LAPSED,2013-12-07,44473.91,lnl
LNL0000128,100-00-0241,JULIE,JACKSON,1980-12-29,U,UNIVERSAL_LIFE,ACTIVE,2021-01-11,46984.05,lnl
LNL0000129,100-00-0245,KRISTEN,WALLACE,1988-01-30,U,TERM_20,ACTIVE,2015-01-20,95318.15,lnl
LNL0000130,100-00-0250,JAMIE,GOODMAN,1994-06-29,F,UNIVERSAL_LIFE,ACTIVE,2022-09-04,521763.66,lnl
LNL0000131,100-00-0250,JAMIE,GOODMAN,1994-06-29,F,ENDOWMENT,ACTIVE,2017-05-13,47460.93,lnl
LNL0000132,100-00-0255,JOANNE,MCDONALD,1993-02-27,M,TERM_20,ACTIVE,2010-12-06,252183.31,lnl
LNL0000133,100-00-0255,JOANNE,MCDONALD,1993-02-27,M,TERM_20,PENDING,2010-11-02,45755.89,lnl
LNL0000134,100-00-0257,AMANDA,HARVEY,1996-03-03,F,UNIVERSAL_LIFE,ACTIVE,2009-05-05,286772.63,lnl
LNL0000135,100-00-0257,AMANDA,HARVEY,1996-03-03,F,WHOLE_LIFE,ACTIVE,2007-03-02,259406.67,lnl
LNL0000136,100-00-0258,CRYSTAL,HUBBARD,1986-01-15,M,TERM_20,ACTIVE,2020-05-10,443507.19,lnl
LNL0000137,100-00-0259,KAYLA,GONZALEZ,1978-09-11,F,TERM_20,ACTIVE,2011-11-23,53715.38,lnl
LNL0000138,100-00-0260,ANDREW,GARCIA,1984-12-29,U,TERM_10,ACTIVE,2007-03-11,24606.39,lnl
LNL0000139,100-00-0263,KYLE,CARPENTER,1985-10-15,F,ENDOWMENT,ACTIVE,2005-02-16,51086.73,lnl
LNL0000140,100-00-0263,KYLE,CARPENTER,1985-10-15,F,WHOLE_LIFE,ACTIVE,2012-09-25,45919.69,lnl
LNL0000141,100-00-0268,SUSAN,BUTLER,1993-12-10,M,UNIVERSAL_LIFE,CANCELLED,2006-06-15,50618.73,lnl
LNL0000142,100-00-0270,MIKE,GRANT,1977-11-15,M,ENDOWMENT,ACTIVE,2019-01-10,46484.25,lnl
LNL0000143,,MIKE,GRANT,1977-11-15,M,ENDOWMENT,CANCELLED,2014-01-18,23356.41,lnl
LNL0000144,100-00-0274,STACY,CHAPMAN,1980-09-02,F,TERM_20,ACTIVE,2008-02-11,56654.29,lnl
LNL0000145,100-00-0274,STACY,CHAPMAN,1980-09-02,F,ENDOWMENT,LAPSED,2009-02-26,247266.08,lnl
LNL0000146,100-00-0277,KENNETH,SHERMAN,1999-05-19,M,WHOLE_LIFE,ACTIVE,2009-03-23,496551.72,lnl
LNL0000147,100-00-0277,KENNETH,SHERMAN,1999-05-19,M,UNIVERSAL_LIFE,ACTIVE,2008-06-21,285485.95,lnl
LNL0000148,100-00-0279,VICTORIA,LEON,1998-12-07,U,ENDOWMENT,ACTIVE,2018-05-20,81644.74,lnl
LNL0000149,100-00-0283,RAYMOND,JACKSON,1978-10-04,U,WHOLE_LIFE,ACTIVE,2023-07-19,103833.22,lnl
LNL0000150,100-00-0287,STEVEN,ANDERSON,1976-02-21,F,TERM_10,ACTIVE,2022-09-11,24291.23,lnl
LNL0000151,100-00-0289,DAVID,GRIFFIN,1972-04-09,F,UNIVERSAL_LIFE,ACTIVE,2005-01-07,81520.19,lnl
LNL0000152,100-00-0289,DAVID,GRIFFIN,1972-04-09,F,TERM_10,ACTIVE,2013-12-11,413133.64,lnl
LNL0000153,100-00-0291,MELISSA,MILES,1997-11-15,U,TERM_20,LAPSED,2021-10-08,114888.93,lnl
LNL0000154,100-00-0291,MELISSA,MILES,1997-11-15,U,ENDOWMENT,ACTIVE,2006-05-13,118756.55,lnl
LNL0000155,100-00-0296,ROBERT,BEST,1968-03-28,F,WHOLE_LIFE,ACTIVE,2015-08-26,535478.50,lnl
LNL0000156,100-00-0300,HAROLD,WRIGHT,2000-01-20,U,UNIVERSAL_LIFE,ACTIVE,2023-01-21,54908.72,lnl
LNL0000157,100-00-0305,JOSHUA,ARMSTRONG,1989-10-30,M,ENDOWMENT,ACTIVE,2012-11-03,81086.20,lnl
LNL0000158,100-00-0305,JOSHUA,ARMSTRONG,1989-10-30,M,ENDOWMENT,ACTIVE,2022-07-12,20571.93,lnl
LNL0000159,100-00-0305,JOSHUA,ARMSTRONG,1989-10-30,M,ENDOWMENT,ACTIVE,2023-12-01,524385.91,lnl
LNL0000160,100-00-0309,PAMELA,REYES,1983-11-06,M,WHOLE_LIFE,ACTIVE,2013-05-28,91440.12,lnl
LNL0000161,100-00-0310,MARGARET,GILES,1983-06-20,M,TERM_10,CANCELLED,2013-06-02,117890.60,lnl
LNL0000162,100-00-0310,MARGARET,GILES,1983-06-20,M,TERM_10,ACTIVE,2015-11-15,588459.60,lnl
LNL0000163,100-00-0314,TIMOTHY,OROZCO,1974-10-16,F,ENDOWMENT,ACTIVE,2005-08-08,255856.13,lnl
LNL0000164,100-00-0314,TIMOTHY,OROZCO,1974-10-16,F,ENDOWMENT,ACTIVE,2013-09-22,42294.77,lnl
LNL0000165,100-00-0315,PAMELA,ALVAREZ,1975-01-22,U,WHOLE_LIFE,ACTIVE,2007-02-23,47002.64,lnl
LNL0000166,100-00-0316,GAVIN,JONES,1985-07-20,U,UNIVERSAL_LIFE,CANCELLED,2020-03-02,52015.44,lnl
LNL0000167,100-00-0316,GAVIN,JONES,1985-07-20,U,TERM_20,ACTIVE,2025-04-30,201899.85,lnl
LNL0000168,100-00-0317,JOHN,STEVENS,1972-05-08,U,TERM_20,CANCELLED,2007-07-24,40685.91,lnl
LNL0000169,100-00-0317,JOHN,STEVENS,1972-05-08,U,TERM_10,ACTIVE,2021-05-10,45005.52,lnl
LNL0000170,100-00-0322,ALEXIS,RIVERA,1986-02-23,F,TERM_10,ACTIVE,2009-02-11,209423.87,lnl
LNL0000171,100-00-0322,ALEXIS,RIVERA,1986-02-23,F,TERM_10,ACTIVE,2010-06-20,236508.34,lnl
LNL0000172,100-00-0323,TROY,ROGERS,1971-09-25,M,UNIVERSAL_LIFE,ACTIVE,2023-10-13,55820.50,lnl
LNL0000173,100-00-0323,TROY,ROGERS,1971-09-25,M,TERM_20,CANCELLED,2021-06-04,83875.34,lnl
LNL0000174,100-00-0323,TROY,ROGERS,1971-09-25,M,TERM_10,ACTIVE,2022-02-20,25501.49,lnl
LNL0000175,100-00-0327,JESSICA,HUDSON,1986-05-20,M,TERM_10,ACTIVE,2006-11-07,284832.55,lnl
LNL0000176,100-00-0327,JESSICA,HUDSON,1986-05-20,M,WHOLE_LIFE,LAPSED,2021-01-06,563332.92,lnl
LNL0000177,100-00-0329,AMANDA,SCHULTZ,1961-08-15,M,TERM_10,ACTIVE,2013-05-06,98192.45,lnl
LNL0000178,100-00-0333,BRANDI,GUTIERREZ,1982-12-08,M,UNIVERSAL_LIFE,CANCELLED,2015-01-10,234213.25,lnl
LNL0000179,100-00-0336,GABRIEL,CHAPMAN,1993-11-21,F,TERM_10,ACTIVE,2013-08-04,22752.43,lnl
LNL0000180,100-00-0341,BRANDON,JOHNSON,1997-08-01,F,TERM_20,CANCELLED,2018-06-07,46469.77,lnl
LNL0000181,100-00-0341,BRANDON,JOHNSON,1997-08-01,F,TERM_10,ACTIVE,2025-04-25,23436.63,lnl
LNL0000182,100-00-0343,MATTHEW,HALL,1991-03-14,F,UNIVERSAL_LIFE,ACTIVE,2015-10-11,577950.55,lnl
LNL0000183,100-00-0344,KARLA,MOORE,1996-02-15,M,TERM_20,LAPSED,2017-10-22,46035.47,lnl
LNL0000184,100-00-0346,SCOTT,DOMINGUEZ,1981-09-27,M,ENDOWMENT,LAPSED,2007-03-24,55338.15,lnl
LNL0000185,100-00-0347,ROBERT,TRUJILLO,1972-05-10,U,UNIVERSAL_LIFE,LAPSED,2025-02-01,80666.63,lnl
LNL0000186,100-00-0350,DAVID,JACKSON,1963-03-03,U,UNIVERSAL_LIFE,ACTIVE,2023-07-09,108259.98,lnl
LNL0000187,100-00-0353,JOSHUA,DIAZ,1994-10-16,U,ENDOWMENT,CANCELLED,2005-05-01,56052.24,lnl
LNL0000188,100-00-0355,ANITA,GONZALEZ,1991-06-25,F,TERM_20,ACTIVE,2024-02-17,48279.31,lnl
LNL0000189,100-00-0357,ANGELICA,MILES,1963-08-27,U,UNIVERSAL_LIFE,ACTIVE,2014-10-25,50766.84,lnl
LNL0000190,100-00-0357,ANGELICA,MILES,1963-08-27,U,ENDOWMENT,ACTIVE,2005-10-23,40671.40,lnl
LNL0000191,100-00-0362,DENISE,OCHOA,1992-07-05,M,TERM_20,ACTIVE,2010-05-15,211040.49,lnl
LNL0000192,100-00-0362,DENISE,OCHOA,1992-07-05,M,TERM_20,PENDING,2005-11-09,115770.59,lnl
LNL0000193,100-00-0363,CHRISTOPHER,BYRD,1966-09-26,U,TERM_20,ACTIVE,2007-08-20,258114.30,lnl
LNL0000194,100-00-0365,JENNY,BRYAN,1961-06-26,U,WHOLE_LIFE,CANCELLED,2024-08-01,53979.12,lnl
LNL0000195,,EDWARD,MILLER,1967-06-21,F,TERM_10,ACTIVE,2007-06-22,41076.95,lnl
LNL0000196,100-00-0370,KATHERINE,LUCAS,1987-08-02,U,TERM_20,ACTIVE,2019-05-30,418673.04,lnl
LNL0000197,100-00-0370,KATHERINE,LUCAS,1987-08-02,U,TERM_20,ACTIVE,2017-06-25,57798.84,lnl
LNL0000198,100-00-0370,KATHERINE,LUCAS,1987-08-02,U,ENDOWMENT,CANCELLED,2022-07-29,419219.83,lnl
LNL0000199,100-00-0372,GARRETT,PITTS,1967-03-24,F,ENDOWMENT,PENDING,2023-01-22,556315.20,lnl
LNL0000200,100-00-0377,JENNIFER,MENDEZ,2000-01-23,F,WHOLE_LIFE,ACTIVE,2023-07-29,26695.61,lnl
LNL0000201,100-00-0378,KATHLEEN,CARR,1968-06-07,F,WHOLE_LIFE,ACTIVE,2013-09-08,24798.97,lnl
LNL0000202,100-00-0382,MATTHEW,BROWN,1993-02-21,M,TERM_20,ACTIVE,2015-11-28,56290.51,lnl
LNL0000203,100-00-0382,MATTHEW,BROWN,1993-02-21,M,TERM_10,PENDING,2017-03-30,22956.68,lnl
LNL0000204,100-00-0384,MATTHEW,WEBER,1982-04-10,U,WHOLE_LIFE,ACTIVE,2015-11-02,494272.12,lnl
LNL0000205,100-00-0384,MATTHEW,WEBER,1982-04-10,U,TERM_10,CANCELLED,2019-05-18,25679.15,lnl
LNL0000206,100-00-0386,JACOB,WHITE,1992-10-10,M,TERM_10,ACTIVE,2012-09-29,243198.40,lnl
LNL0000207,100-00-0386,JACOB,WHITE,1992-10-10,M,TERM_10,LAPSED,2016-07-23,83620.07,lnl
LNL0000208,100-00-0391,DANIEL,CRAWFORD,1976-11-26,U,ENDOWMENT,ACTIVE,2017-01-17,110152.67,lnl
LNL0000209,100-00-0393,TAMMY,CROSS,1995-02-10,M,TERM_20,ACTIVE,2009-12-20,26515.81,lnl
LNL0000210,100-00-0394,ALEXANDER,BENNETT,1979-11-29,U,UNIVERSAL_LIFE,ACTIVE,2018-07-04,420137.85,lnl
LNL0000211,100-00-0394,ALEXANDER,BENNETT,1979-11-29,U,UNIVERSAL_LIFE,PENDING,2023-01-30,91413.38,lnl
LNL0000212,100-00-0394,ALEXANDER,BENNETT,1979-11-29,U,TERM_10,CANCELLED,2017-04-05,107071.91,lnl
LNL0000213,,EVELYN,DAVIS,1999-03-19,M,TERM_20,ACTIVE,2023-01-02,547703.93,lnl
LNL0000214,100-00-0404,LAURA,YOUNG,1999-04-09,M,TERM_10,ACTIVE,2005-03-12,49388.33,lnl
LNL0000215,100-00-0404,LAURA,YOUNG,1999-04-09,M,UNIVERSAL_LIFE,PENDING,2016-06-11,94686.41,lnl
LNL0000216,100-00-0404,LAURA,YOUNG,1999-04-09,M,TERM_10,ACTIVE,2025-10-11,114597.77,lnl
LNL0000217,100-00-0406,SCOTT,MCGUIRE,1976-09-26,F,ENDOWMENT,ACTIVE,2023-07-29,475918.92,lnl
LNL0000218,100-00-0410,MORGAN,MILLER,1986-06-08,M,ENDOWMENT,ACTIVE,2007-08-18,51144.26,lnl
LNL0000219,100-00-0413,LISA,HUTCHINSON,1977-10-14,M,UNIVERSAL_LIFE,ACTIVE,2025-08-07,264831.71,lnl
LNL0000220,100-00-0413,LISA,HUTCHINSON,1977-10-14,M,TERM_20,ACTIVE,2019-02-03,211887.35,lnl
LNL0000221,100-00-0418,MARY,SCHROEDER,1967-02-15,M,TERM_10,ACTIVE,2008-03-29,116967.11,lnl
LNL0000222,100-00-0421,NATHAN,EDWARDS,1999-07-08,F,TERM_20,PENDING,2009-09-27,48238.74,lnl
LNL0000223,100-00-0421,NATHAN,EDWARDS,1999-07-08,F,WHOLE_LIFE,ACTIVE,2014-12-09,577504.30,lnl
LNL0000224,100-00-0422,BRANDON,SANDERS,1973-04-07,F,UNIVERSAL_LIFE,ACTIVE,2024-07-21,231688.89,lnl
LNL0000225,,BRANDON,SANDERS,1973-04-07,F,TERM_10,ACTIVE,2006-05-14,92581.32,lnl
LNL0000226,100-00-0427,KEVIN,MOORE,1982-02-02,F,TERM_10,ACTIVE,2008-12-13,24985.06,lnl
LNL0000227,100-00-0428,SHERRY,IBARRA,1961-10-22,F,WHOLE_LIFE,ACTIVE,2006-12-07,53666.77,lnl
LNL0000228,100-00-0429,LISA,PHILLIPS,1987-03-16,U,ENDOWMENT,ACTIVE,2010-11-29,592179.34,lnl
LNL0000229,100-00-0431,DAVID,SIMMONS,1997-12-22,F,WHOLE_LIFE,ACTIVE,2014-05-16,236435.90,lnl
LNL0000230,100-00-0431,DAVID,SIMMONS,1997-12-22,F,ENDOWMENT,ACTIVE,2021-11-23,513564.94,lnl
LNL0000231,100-00-0434,CHARLES,GOMEZ,1996-02-18,M,TERM_10,ACTIVE,2024-03-28,297176.46,lnl
LNL0000232,100-00-0437,CATHERINE,STEWART,1996-07-04,F,WHOLE_LIFE,CANCELLED,2022-04-19,496550.50,lnl
LNL0000233,100-00-0437,CATHERINE,STEWART,1996-07-04,F,TERM_10,ACTIVE,2010-07-31,24023.13,lnl
LNL0000234,100-00-0441,MATTHEW,MURPHY,1970-03-02,U,TERM_20,CANCELLED,2009-08-17,240676.35,lnl
LNL0000235,100-00-0446,MARIA,JOHNSON,1991-02-11,U,WHOLE_LIFE,ACTIVE,2009-08-27,209214.57,lnl
LNL0000236,100-00-0448,LISA,BISHOP,1994-04-04,F,UNIVERSAL_LIFE,ACTIVE,2010-12-06,108771.59,lnl
LNL0000237,100-00-0449,AMY,STEELE,1978-10-19,U,TERM_10,CANCELLED,2008-06-21,265239.22,lnl
LNL0000238,100-00-0453,ANDREW,ROY,1967-10-24,U,ENDOWMENT,LAPSED,2014-09-23,28885.63,lnl
LNL0000239,100-00-0455,KEITH,ROSS,1962-06-13,M,TERM_20,ACTIVE,2010-04-25,229444.94,lnl
LNL0000240,,KEITH,ROSS,1962-06-13,M,TERM_10,LAPSED,2010-06-04,588560.98,lnl
LNL0000241,100-00-0459,WILLIAM,SANTANA,1989-01-21,F,WHOLE_LIFE,ACTIVE,2010-07-31,28306.17,lnl
LNL0000242,100-00-0461,JEREMY,WARREN,1997-11-02,U,WHOLE_LIFE,ACTIVE,2024-07-05,489293.35,lnl
LNL0000243,100-00-0463,VICTORIA,LEWIS,1979-07-02,M,UNIVERSAL_LIFE,LAPSED,2018-05-25,507954.78,lnl
LNL0000244,100-00-0464,DEBORAH,MARTIN,1961-04-15,M,UNIVERSAL_LIFE,ACTIVE,2012-06-23,254821.60,lnl
LNL0000245,100-00-0464,DEBORAH,MARTIN,1961-04-15,M,TERM_20,ACTIVE,2024-04-06,20605.71,lnl
LNL0000246,100-00-0469,ASHLEY,GRAHAM,2000-05-24,M,ENDOWMENT,ACTIVE,2025-12-06,27056.84,lnl
LNL0000247,100-00-0471,ARIANA,JOHNSON,1962-09-30,F,TERM_10,ACTIVE,2005-03-20,542979.41,lnl
LNL0000248,100-00-0474,JAMES,LESTER,1986-01-02,F,UNIVERSAL_LIFE,ACTIVE,2017-08-26,465798.72,lnl
LNL0000249,100-00-0476,HECTOR,TURNER,1960-02-22,U,TERM_20,ACTIVE,2022-01-02,21451.01,lnl
LNL0000250,100-00-0476,HECTOR,TURNER,1960-02-22,U,ENDOWMENT,CANCELLED,2018-08-16,475516.20,lnl
LNL0000251,100-00-0478,VERONICA,SCOTT,1982-07-24,F,WHOLE_LIFE,CANCELLED,2016-11-14,440292.59,lnl
LNL0000252,100-00-0479,BETHANY,JORDAN,1963-04-27,M,WHOLE_LIFE,ACTIVE,2006-08-12,56695.02,lnl
LNL0000253,100-00-0483,AARON,SCHNEIDER,1970-06-19,F,WHOLE_LIFE,ACTIVE,2006-10-11,95910.18,lnl
LNL0000254,100-00-0483,AARON,SCHNEIDER,1970-06-19,F,UNIVERSAL_LIFE,ACTIVE,2019-08-31,26971.98,lnl
LNL0000255,100-00-0488,WESLEY,GILES,1965-12-04,F,TERM_20,ACTIVE,2009-03-17,113243.12,lnl
LNL0000256,100-00-0488,WESLEY,GILES,1965-12-04,F,UNIVERSAL_LIFE,ACTIVE,2024-04-20,108443.76,lnl
LNL0000257,100-00-0488,WESLEY,GILES,1965-12-04,F,WHOLE_LIFE,LAPSED,2018-12-30,54258.50,lnl
LNL0000258,100-00-0492,TIFFANY,JONES,1964-01-30,F,WHOLE_LIFE,LAPSED,2019-06-09,57530.88,lnl
LNL0000259,100-00-0492,TIFFANY,JONES,1964-01-30,F,TERM_10,ACTIVE,2011-12-26,56557.11,lnl
LNL0000260,100-00-0497,BRIANNA,PETERSON,1967-03-04,M,TERM_10,ACTIVE,2007-01-26,217120.01,lnl
LNL0000261,100-00-0502,DAVID,STARK,1981-09-27,M,ENDOWMENT,ACTIVE,2014-11-06,20722.41,lnl
LNL0000262,100-00-0507,CHRISTOPHER,SHAW,1979-07-28,U,TERM_10,ACTIVE,2005-11-24,537055.98,lnl
LNL0000263,100-00-0508,JESSE,BERRY,2000-08-25,M,WHOLE_LIFE,PENDING,2025-03-17,105318.12,lnl
LNL0000264,100-00-0508,JESSE,BERRY,2000-08-25,M,TERM_20,LAPSED,2025-05-19,290018.43,lnl
LNL0000265,100-00-0510,JARED,BOND,1981-04-29,U,WHOLE_LIFE,ACTIVE,2025-06-11,217814.95,lnl
LNL0000266,100-00-0510,JARED,BOND,1981-04-29,U,TERM_20,ACTIVE,2021-12-24,112995.60,lnl
LNL0000267,100-00-0512,SAMUEL,HARRIS,1967-09-25,U,TERM_20,ACTIVE,2010-10-23,479020.18,lnl
LNL0000268,100-00-0512,SAMUEL,HARRIS,1967-09-25,U,TERM_10,ACTIVE,2009-10-07,84891.53,lnl
LNL0000269,,SAMUEL,HARRIS,1967-09-25,U,WHOLE_LIFE,ACTIVE,2017-07-14,278674.93,lnl
LNL0000270,100-00-0514,LAUREN,TAYLOR,1967-07-12,U,ENDOWMENT,PENDING,2018-07-22,45482.96,lnl
LNL0000271,100-00-0514,LAUREN,TAYLOR,1967-07-12,U,WHOLE_LIFE,ACTIVE,2025-10-04,22842.29,lnl
LNL0000272,100-00-0517,JOANNA,WRIGHT,1990-02-26,U,UNIVERSAL_LIFE,ACTIVE,2018-04-07,276965.39,lnl
LNL0000273,100-00-0517,JOANNA,WRIGHT,1990-02-26,U,WHOLE_LIFE,CANCELLED,2010-04-18,81693.64,lnl
LNL0000274,100-00-0522,MARY,SCOTT,1963-06-19,M,TERM_10,CANCELLED,2020-03-20,275551.65,lnl
LNL0000275,100-00-0527,DENISE,CHAMBERS,1983-07-12,M,TERM_20,ACTIVE,2015-02-17,49719.45,lnl
LNL0000276,100-00-0527,DENISE,CHAMBERS,1983-07-12,M,UNIVERSAL_LIFE,LAPSED,2013-10-02,221409.29,lnl
LNL0000277,100-00-0529,WILLIAM,HARRELL,1977-09-26,U,TERM_10,ACTIVE,2019-03-09,101475.02,lnl
LNL0000278,100-00-0533,AMY,YOUNG,1963-04-02,M,ENDOWMENT,ACTIVE,2005-01-08,26135.62,lnl
LNL0000279,100-00-0538,ALICE,MCDANIEL,1974-07-15,U,UNIVERSAL_LIFE,CANCELLED,2006-06-04,52755.98,lnl
LNL0000280,100-00-0538,ALICE,MCDANIEL,1974-07-15,U,TERM_20,ACTIVE,2025-10-30,421537.28,lnl
LNL0000281,100-00-0541,ROBERT,WARREN,1982-03-27,M,TERM_20,ACTIVE,2011-09-09,209264.89,lnl
LNL0000282,100-00-0544,CHARLES,KING,1995-08-05,U,UNIVERSAL_LIFE,ACTIVE,2005-07-10,105349.46,lnl
LNL0000283,100-00-0544,CHARLES,KING,1995-08-05,U,WHOLE_LIFE,ACTIVE,2021-01-27,91332.65,lnl
LNL0000284,100-00-0545,KATIE,COOK,1961-09-18,F,WHOLE_LIFE,ACTIVE,2007-11-06,585929.67,lnl
LNL0000285,100-00-0546,JAIME,LEON,1974-02-20,M,ENDOWMENT,ACTIVE,2021-03-25,200758.07,lnl
LNL0000286,100-00-0546,JAIME,LEON,1974-02-20,M,TERM_20,LAPSED,2014-10-11,58842.68,lnl
LNL0000287,,ANTHONY,JOHNSON,1989-09-28,F,UNIVERSAL_LIFE,ACTIVE,2016-02-24,287289.59,lnl
LNL0000288,100-00-0547,ANTHONY,JOHNSON,1989-09-28,F,TERM_20,PENDING,2009-10-30,55402.94,lnl
LNL0000289,100-00-0547,ANTHONY,JOHNSON,1989-09-28,F,ENDOWMENT,LAPSED,2008-05-27,20204.52,lnl
LNL0000290,100-00-0548,BRYAN,LOPEZ,1972-01-12,U,TERM_20,ACTIVE,2020-08-08,453226.83,lnl
LNL0000291,100-00-0548,BRYAN,LOPEZ,1972-01-12,U,TERM_10,ACTIVE,2008-10-30,283756.90,lnl
LNL0000292,100-00-0550,BRENDAN,CARTER,1960-06-15,U,TERM_20,CANCELLED,2012-02-28,521440.86,lnl
LNL0000293,100-00-0553,JOSEPH,LEBLANC,1973-03-31,M,ENDOWMENT,ACTIVE,2015-09-29,49141.51,lnl
LNL0000294,100-00-0558,JONATHAN,RAY,1965-02-12,M,WHOLE_LIFE,ACTIVE,2021-01-18,53711.13,lnl
LNL0000295,100-00-0558,JONATHAN,RAY,1965-02-12,M,TERM_10,CANCELLED,2023-03-24,28671.22,lnl
LNL0000296,100-00-0561,KENNETH,SWANSON,1977-06-17,M,TERM_20,ACTIVE,2023-12-13,95433.27,lnl
LNL0000297,100-00-0564,DANIEL,COOPER,1983-10-24,F,UNIVERSAL_LIFE,ACTIVE,2022-08-09,463322.79,lnl
LNL0000298,100-00-0567,DOUGLAS,TORRES,1980-04-17,M,WHOLE_LIFE,LAPSED,2020-07-21,105968.89,lnl
LNL0000299,100-00-0569,JORGE,CHAVEZ,1975-12-03,M,UNIVERSAL_LIFE,ACTIVE,2018-03-20,81686.68,lnl
LNL0000300,100-00-0570,SHERRY,JOHNSON,1987-04-14,M,TERM_20,ACTIVE,2011-07-20,103318.79,lnl
LNL0000301,100-00-0572,JESSE,FRANKLIN,1960-10-22,F,UNIVERSAL_LIFE,CANCELLED,2010-07-30,55563.88,lnl
LNL0000302,100-00-0576,MARY,GRAY,1999-12-01,F,UNIVERSAL_LIFE,ACTIVE,2013-06-14,227836.28,lnl
LNL0000303,100-00-0579,MICHAEL,STEWART,1984-02-23,M,UNIVERSAL_LIFE,ACTIVE,2025-06-22,26133.04,lnl
LNL0000304,100-00-0581,NICHOLAS,MEDINA,1960-12-18,M,ENDOWMENT,ACTIVE,2007-07-06,440358.81,lnl
LNL0000305,100-00-0581,NICHOLAS,MEDINA,1960-12-18,M,WHOLE_LIFE,CANCELLED,2019-11-29,118660.33,lnl
LNL0000306,100-00-0582,KIMBERLY,SMITH,1969-07-03,M,UNIVERSAL_LIFE,CANCELLED,2017-09-26,440439.30,lnl
LNL0000307,100-00-0582,KIMBERLY,SMITH,1969-07-03,M,TERM_20,ACTIVE,2014-06-21,51999.62,lnl
LNL0000308,100-00-0584,GREGORY,WALKER,1987-11-05,F,TERM_10,ACTIVE,2006-08-28,26291.02,lnl
LNL0000309,100-00-0584,GREGORY,WALKER,1987-11-05,F,WHOLE_LIFE,LAPSED,2013-06-22,117984.99,lnl
LNL0000310,100-00-0584,GREGORY,WALKER,1987-11-05,F,TERM_10,LAPSED,2012-08-08,417638.78,lnl
LNL0000311,100-00-0587,CHRISTINE,HODGES,1988-12-06,M,ENDOWMENT,ACTIVE,2021-10-25,261768.18,lnl
LNL0000312,100-00-0588,CHAD,SMITH,1965-02-10,U,ENDOWMENT,ACTIVE,2022-05-05,21991.88,lnl
LNL0000313,,DANIEL,GRAHAM,1963-08-19,U,UNIVERSAL_LIFE,CANCELLED,2011-06-28,533458.07,lnl
LNL0000314,,HEATHER,KAUFMAN,1982-04-20,F,ENDOWMENT,ACTIVE,2009-09-01,109844.92,lnl
LNL0000315,100-00-0599,MITCHELL,HENDERSON,1999-04-19,F,ENDOWMENT,ACTIVE,2010-05-19,466498.91,lnl
LNL0000316,100-00-0604,NANCY,SAUNDERS,2000-07-25,U,WHOLE_LIFE,ACTIVE,2007-09-05,42090.02,lnl
LNL0000317,100-00-0609,REBECCA,BAKER,1974-09-02,U,ENDOWMENT,ACTIVE,2008-05-21,114382.61,lnl
LNL0000318,100-00-0612,JENNIFER,STOKES,1996-04-05,M,TERM_20,ACTIVE,2011-08-08,105421.20,lnl
LNL0000319,100-00-0615,JOSHUA,SANCHEZ,1983-10-29,M,WHOLE_LIFE,CANCELLED,2015-12-30,23828.39,lnl
LNL0000320,100-00-0618,SARAH,ROBINSON,1961-06-28,M,WHOLE_LIFE,ACTIVE,2008-07-06,269982.19,lnl
LNL0000321,100-00-0618,SARAH,ROBINSON,1961-06-28,M,TERM_20,LAPSED,2016-06-10,292504.09,lnl
LNL0000322,100-00-0619,MARK,GARCIA,1974-08-17,U,UNIVERSAL_LIFE,LAPSED,2014-12-24,80846.24,lnl
LNL0000323,100-00-0622,NANCY,HOWELL,1972-02-26,F,TERM_20,LAPSED,2022-05-01,406810.10,lnl
LNL0000324,100-00-0622,NANCY,HOWELL,1972-02-26,F,TERM_20,ACTIVE,2009-04-01,23061.60,lnl
LNL0000325,100-00-0623,JOHN,RAMOS,1988-01-11,M,TERM_10,ACTIVE,2019-05-22,500492.69,lnl
LNL0000326,100-00-0623,JOHN,RAMOS,1988-01-11,M,ENDOWMENT,ACTIVE,2025-06-28,496658.79,lnl
LNL0000327,100-00-0628,SEAN,SMITH,1979-11-03,U,ENDOWMENT,ACTIVE,2018-03-08,51611.32,lnl
LNL0000328,100-00-0630,JULIA,JONES,1983-06-01,M,ENDOWMENT,ACTIVE,2017-04-07,55547.78,lnl
LNL0000329,100-00-0634,PATRICK,ROJAS,1993-05-11,F,ENDOWMENT,ACTIVE,2006-01-07,24181.58,lnl
LNL0000330,100-00-0639,JUSTIN,DURAN,1994-11-03,F,ENDOWMENT,LAPSED,2011-02-25,26969.04,lnl
LNL0000331,100-00-0640,RACHEL,PADILLA,1993-02-02,M,UNIVERSAL_LIFE,ACTIVE,2012-12-29,572268.68,lnl
LNL0000332,100-00-0641,RONALD,NOBLE,1982-03-02,U,WHOLE_LIFE,ACTIVE,2014-05-05,52930.07,lnl
LNL0000333,100-00-0644,MANUEL,DAVIES,1979-02-06,F,ENDOWMENT,ACTIVE,2014-11-02,214161.53,lnl
LNL0000334,100-00-0648,CASSIDY,NICHOLS,1970-07-20,U,ENDOWMENT,LAPSED,2010-02-20,44513.96,lnl
LNL0000335,100-00-0653,MONICA,RODRIGUEZ,1999-02-04,M,TERM_10,ACTIVE,2024-07-06,97593.21,lnl
LNL0000336,100-00-0653,MONICA,RODRIGUEZ,1999-02-04,M,TERM_10,ACTIVE,2017-11-19,274833.19,lnl
LNL0000337,100-00-0658,JUSTIN,ROWE,1977-11-13,M,TERM_10,ACTIVE,2010-02-04,499049.35,lnl
LNL0000338,100-00-0658,JUSTIN,ROWE,1977-11-13,M,TERM_20,LAPSED,2014-09-14,82124.01,lnl
LNL0000339,,CARLOS,SCHAEFER,1986-07-06,F,UNIVERSAL_LIFE,ACTIVE,2020-10-22,481967.11,lnl
LNL0000340,100-00-0662,SHAWN,HENRY,1993-04-25,F,UNIVERSAL_LIFE,ACTIVE,2019-04-07,48654.33,lnl
LNL0000341,100-00-0666,WENDY,MILLER,1986-09-15,M,WHOLE_LIFE,ACTIVE,2021-10-24,99500.07,lnl
LNL0000342,100-00-0669,ANDREW,HART,1962-02-18,U,TERM_20,ACTIVE,2015-11-26,26894.04,lnl
LNL0000343,100-00-0669,ANDREW,HART,1962-02-18,U,TERM_10,ACTIVE,2022-07-28,102747.03,lnl
LNL0000344,100-00-0670,CYNTHIA,HUFFMAN,1988-06-13,M,TERM_20,LAPSED,2025-10-12,451606.25,lnl
LNL0000345,100-00-0671,JAMES,WARE,1968-08-17,F,ENDOWMENT,ACTIVE,2007-08-09,49086.51,lnl
LNL0000346,100-00-0671,JAMES,WARE,1968-08-17,F,WHOLE_LIFE,ACTIVE,2011-01-09,24228.45,lnl
LNL0000347,100-00-0671,JAMES,WARE,1968-08-17,F,UNIVERSAL_LIFE,ACTIVE,2021-11-01,40359.03,lnl
LNL0000348,100-00-0675,DIANE,RILEY,1985-12-16,M,WHOLE_LIFE,ACTIVE,2011-11-21,24761.94,lnl
LNL0000349,100-00-0680,ANDREW,LLOYD,1965-06-11,F,ENDOWMENT,ACTIVE,2023-06-22,45233.11,lnl
LNL0000350,100-00-0681,JEFFERY,CONTRERAS,1969-02-19,U,TERM_20,ACTIVE,2018-06-09,23276.38,lnl
LNL0000351,100-00-0681,JEFFERY,CONTRERAS,1969-02-19,U,ENDOWMENT,LAPSED,2015-08-28,263650.70,lnl
LNL0000352,100-00-0681,JEFFERY,CONTRERAS,1969-02-19,U,ENDOWMENT,ACTIVE,2007-07-02,52484.81,lnl
LNL0000353,100-00-0683,VICTORIA,SMITH,1960-07-27,F,TERM_10,LAPSED,2022-07-07,21060.53,lnl
LNL0000354,100-00-0684,RUSSELL,MAYS,1968-03-19,M,WHOLE_LIFE,ACTIVE,2008-09-25,543604.47,lnl
LNL0000355,100-00-0687,JUSTIN,MASSEY,1967-12-13,U,ENDOWMENT,LAPSED,2007-05-15,97287.35,lnl
LNL0000356,100-00-0690,LORI,VAZQUEZ,1964-09-11,F,TERM_10,PENDING,2018-12-07,25139.41,lnl
LNL0000357,100-00-0694,YESENIA,THORNTON,1993-09-20,F,TERM_10,ACTIVE,2014-04-02,49853.57,lnl
LNL0000358,100-00-0694,YESENIA,THORNTON,1993-09-20,F,TERM_10,ACTIVE,2008-04-06,205521.85,lnl
LNL0000359,100-00-0694,YESENIA,THORNTON,1993-09-20,F,ENDOWMENT,ACTIVE,2019-12-29,414869.63,lnl
LNL0000360,100-00-0696,DANIEL,WILKINSON,1988-05-04,M,TERM_10,ACTIVE,2017-08-03,46883.59,lnl
LNL0000361,100-00-0700,KAREN,HUGHES,1972-01-24,U,TERM_20,ACTIVE,2013-02-25,46259.78,lnl
LNL0000362,100-00-0701,COLE,ADAMS,1971-03-23,U,TERM_20,LAPSED,2015-04-02,454680.71,lnl
LNL0000363,100-00-0704,ALICIA,WRIGHT,1993-10-10,F,TERM_10,ACTIVE,2014-10-30,83724.82,lnl
LNL0000364,100-00-0706,VALERIE,MOORE,1961-07-29,U,TERM_20,CANCELLED,2012-02-10,465207.86,lnl
LNL0000365,100-00-0707,JOSHUA,MARTINEZ,1997-02-27,M,TERM_10,ACTIVE,2025-11-06,23515.18,lnl
LNL0000366,100-00-0712,KAITLYN,CLAYTON,1981-03-28,F,TERM_20,ACTIVE,2013-04-12,494280.99,lnl
LNL0000367,100-00-0712,KAITLYN,CLAYTON,1981-03-28,F,UNIVERSAL_LIFE,LAPSED,2020-10-22,93780.57,lnl
LNL0000368,100-00-0715,JOHN,MYERS,1999-11-07,F,TERM_20,ACTIVE,2018-02-10,228268.62,lnl
LNL0000369,100-00-0715,JOHN,MYERS,1999-11-07,F,TERM_20,ACTIVE,2015-06-13,48562.85,lnl
LNL0000370,,PAMELA,HARPER,1981-09-22,M,TERM_10,ACTIVE,2010-08-16,87208.10,lnl
LNL0000371,100-00-0722,JEFF,SHEA,1973-10-02,F,WHOLE_LIFE,ACTIVE,2023-09-06,25140.54,lnl
LNL0000372,100-00-0727,KAYLA,PARKER,1982-06-07,F,UNIVERSAL_LIFE,ACTIVE,2008-02-06,82746.01,lnl
LNL0000373,,KAYLA,PARKER,1982-06-07,F,WHOLE_LIFE,ACTIVE,2020-04-02,216787.82,lnl
LNL0000374,100-00-0727,KAYLA,PARKER,1982-06-07,F,UNIVERSAL_LIFE,ACTIVE,2020-06-01,21122.23,lnl
LNL0000375,100-00-0730,SETH,PORTER,1980-08-10,F,TERM_10,ACTIVE,2022-09-04,240998.77,lnl
LNL0000376,100-00-0730,SETH,PORTER,1980-08-10,F,WHOLE_LIFE,ACTIVE,2025-09-09,260986.41,lnl
LNL0000377,100-00-0730,SETH,PORTER,1980-08-10,F,ENDOWMENT,ACTIVE,2013-09-01,109748.94,lnl
LNL0000378,100-00-0732,CYNTHIA,STEVENS,1968-07-15,F,TERM_20,ACTIVE,2025-05-19,226191.11,lnl
LNL0000379,100-00-0734,EDWARD,MURPHY,1965-10-10,U,ENDOWMENT,CANCELLED,2022-10-02,222820.25,lnl
LNL0000380,100-00-0739,DAVID,SHAW,1987-07-12,F,TERM_10,LAPSED,2024-05-10,28985.81,lnl
LNL0000381,100-00-0741,CHRISTINA,GUZMAN,1983-02-23,M,TERM_20,ACTIVE,2011-07-22,114559.12,lnl
LNL0000382,100-00-0741,CHRISTINA,GUZMAN,1983-02-23,M,TERM_10,ACTIVE,2023-06-16,54787.28,lnl
LNL0000383,100-00-0746,CHAD,PETERS,1984-12-05,F,TERM_20,LAPSED,2012-06-11,279083.90,lnl
LNL0000384,100-00-0748,KIMBERLY,BERRY,1985-09-12,M,ENDOWMENT,PENDING,2025-01-28,25850.82,lnl
LNL0000385,100-00-0750,MATTHEW,FLOYD,1992-07-08,U,ENDOWMENT,CANCELLED,2005-12-27,54644.70,lnl
LNL0000386,100-00-0750,MATTHEW,FLOYD,1992-07-08,U,TERM_10,ACTIVE,2018-08-03,50741.93,lnl
LNL0000387,100-00-0750,MATTHEW,FLOYD,1992-07-08,U,TERM_20,ACTIVE,2011-03-03,25142.07,lnl
LNL0000388,100-00-0753,REGINALD,LEON,1986-01-18,M,TERM_10,ACTIVE,2013-07-15,46392.85,lnl
LNL0000389,100-00-0757,ALEX,DAVIS,1978-12-07,M,ENDOWMENT,ACTIVE,2023-02-22,82393.40,lnl
LNL0000390,100-00-0758,STEPHEN,MILLER,1980-07-16,M,TERM_10,CANCELLED,2015-12-13,236271.79,lnl
LNL0000391,100-00-0758,STEPHEN,MILLER,1980-07-16,M,ENDOWMENT,ACTIVE,2013-05-05,28930.34,lnl
LNL0000392,100-00-0758,STEPHEN,MILLER,1980-07-16,M,TERM_10,ACTIVE,2015-05-20,249547.45,lnl
LNL0000393,100-00-0762,JAMES,FITZPATRICK,1960-03-19,M,TERM_10,ACTIVE,2016-12-21,50975.27,lnl
LNL0000394,100-00-0762,JAMES,FITZPATRICK,1960-03-19,M,TERM_20,ACTIVE,2005-07-04,51732.01,lnl
LNL0000395,100-00-0763,KIMBERLY,EVANS,1994-11-03,M,TERM_10,PENDING,2015-06-11,496782.49,lnl
LNL0000396,100-00-0763,KIMBERLY,EVANS,1994-11-03,M,TERM_10,ACTIVE,2005-06-13,50732.49,lnl
LNL0000397,100-00-0764,DANNY,SIMON,1968-08-06,M,TERM_10,CANCELLED,2018-01-15,46656.26,lnl
LNL0000398,100-00-0764,DANNY,SIMON,1968-08-06,M,ENDOWMENT,LAPSED,2018-09-25,52556.65,lnl
LNL0000399,100-00-0767,JEAN,THOMPSON,1992-10-22,F,ENDOWMENT,CANCELLED,2011-11-19,582261.04,lnl
LNL0000400,100-00-0767,JEAN,THOMPSON,1992-10-22,F,UNIVERSAL_LIFE,LAPSED,2013-07-06,20261.16,lnl
LNL0000401,100-00-0769,ANGELA,DAVIDSON,1967-10-09,U,TERM_20,ACTIVE,2024-09-08,105015.56,lnl
LNL0000402,100-00-0772,CHRISTOPHER,RODRIGUEZ,1963-12-29,U,TERM_20,ACTIVE,2022-08-07,494653.82,lnl
LNL0000403,100-00-0772,CHRISTOPHER,RODRIGUEZ,1963-12-29,U,TERM_10,ACTIVE,2010-10-05,95646.96,lnl
LNL0000404,100-00-0774,ANTHONY,MONROE,1974-07-08,M,TERM_20,ACTIVE,2005-02-19,26108.97,lnl
LNL0000405,100-00-0775,KENNETH,COOK,1973-05-10,F,WHOLE_LIFE,ACTIVE,2009-03-31,29984.34,lnl
LNL0000406,100-00-0777,BRAD,WONG,1982-08-09,M,TERM_20,CANCELLED,2006-08-31,48428.77,lnl
LNL0000407,100-00-0780,JOHN,DANIELS,1989-02-05,F,TERM_20,PENDING,2011-08-10,102094.96,lnl
LNL0000408,100-00-0784,MICHAEL,BAILEY,1984-04-28,U,TERM_10,ACTIVE,2023-09-25,20119.60,lnl
LNL0000409,100-00-0784,MICHAEL,BAILEY,1984-04-28,U,ENDOWMENT,ACTIVE,2007-11-04,23652.49,lnl
LNL0000410,100-00-0788,BRADLEY,NGUYEN,1969-10-15,F,WHOLE_LIFE,CANCELLED,2020-08-23,227979.45,lnl
LNL0000411,,ROBERTA,HARDING,1961-12-05,U,TERM_20,ACTIVE,2020-03-20,86021.75,lnl
LNL0000412,100-00-0791,ROBERTA,HARDING,1961-12-05,U,TERM_20,ACTIVE,2019-06-21,26317.85,lnl
LNL0000413,100-00-0791,ROBERTA,HARDING,1961-12-05,U,WHOLE_LIFE,LAPSED,2022-02-06,421267.42,lnl
LNL0000414,,ROBIN,ROSALES,1991-03-18,U,WHOLE_LIFE,ACTIVE,2018-03-08,94636.15,lnl
LNL0000415,100-00-0793,ROBIN,ROSALES,1991-03-18,U,TERM_10,PENDING,2023-11-20,265897.65,lnl
LNL0000416,100-00-0793,ROBIN,ROSALES,1991-03-18,U,ENDOWMENT,LAPSED,2013-10-15,21637.56,lnl
LNL0000417,100-00-0796,LISA,FULLER,1998-03-01,M,UNIVERSAL_LIFE,LAPSED,2006-04-13,427378.87,lnl
LNL0000418,100-00-0796,LISA,FULLER,1998-03-01,M,WHOLE_LIFE,LAPSED,2014-11-11,41360.46,lnl
LNL0000419,100-00-0798,CASSIDY,HIGGINS,1987-02-18,F,TERM_20,ACTIVE,2008-03-17,95377.10,lnl
LNL0000420,100-00-0803,SUSAN,MUNOZ,1967-05-04,U,TERM_20,ACTIVE,2015-04-22,50696.14,lnl
LNL0000421,100-00-0803,SUSAN,MUNOZ,1967-05-04,U,UNIVERSAL_LIFE,ACTIVE,2017-10-05,29814.89,lnl
LNL0000422,100-00-0807,ANGELA,CHANDLER,1985-01-01,M,TERM_10,ACTIVE,2010-06-09,222248.52,lnl
LNL0000423,100-00-0810,MEGAN,FERGUSON,1997-11-25,U,TERM_10,ACTIVE,2015-03-31,444980.17,lnl
LNL0000424,100-00-0815,ANDREW,OBRIEN,1960-12-02,M,ENDOWMENT,ACTIVE,2008-08-14,53617.80,lnl
LNL0000425,100-00-0815,ANDREW,OBRIEN,1960-12-02,M,UNIVERSAL_LIFE,CANCELLED,2008-02-08,112840.20,lnl
LNL0000426,100-00-0818,MAURICE,ANDERSON,1986-08-15,F,TERM_20,ACTIVE,2016-08-30,106372.22,lnl
LNL0000427,100-00-0823,BRANDON,FERGUSON,1965-10-03,F,TERM_10,ACTIVE,2010-05-14,93834.11,lnl
LNL0000428,100-00-0825,STEPHANIE,GRANT,1963-01-24,U,TERM_20,ACTIVE,2019-10-28,95610.83,lnl
LNL0000429,100-00-0826,MARY,THOMPSON,1990-03-20,U,UNIVERSAL_LIFE,LAPSED,2022-11-19,293361.59,lnl
LNL0000430,100-00-0829,MARK,MOSES,1997-05-30,F,TERM_10,ACTIVE,2005-09-20,290689.84,lnl
LNL0000431,100-00-0832,HALEY,ACOSTA,1984-10-30,F,UNIVERSAL_LIFE,ACTIVE,2010-01-25,22770.07,lnl
LNL0000432,100-00-0834,KENNETH,CONTRERAS,1992-08-06,U,TERM_10,PENDING,2007-11-02,265229.96,lnl
LNL0000433,100-00-0834,KENNETH,CONTRERAS,1992-08-06,U,ENDOWMENT,ACTIVE,2007-06-18,552626.99,lnl
LNL0000434,100-00-0835,MATTHEW,GONZALEZ,1961-06-23,U,TERM_20,ACTIVE,2017-06-16,253285.96,lnl
LNL0000435,100-00-0835,MATTHEW,GONZALEZ,1961-06-23,U,TERM_20,PENDING,2013-02-11,90048.40,lnl
LNL0000436,100-00-0838,ERIC,THOMPSON,1979-01-01,M,WHOLE_LIFE,ACTIVE,2025-09-02,45958.07,lnl
LNL0000437,100-00-0841,CHRISTOPHER,MYERS,1961-10-21,M,WHOLE_LIFE,ACTIVE,2015-03-24,293012.08,lnl
LNL0000438,100-00-0841,CHRISTOPHER,MYERS,1961-10-21,M,TERM_20,PENDING,2020-02-21,40188.82,lnl
LNL0000439,100-00-0841,CHRISTOPHER,MYERS,1961-10-21,M,WHOLE_LIFE,ACTIVE,2008-07-06,54978.79,lnl
LNL0000440,100-00-0843,MIKAYLA,GARDNER,1981-04-19,F,WHOLE_LIFE,LAPSED,2015-09-29,109869.62,lnl
LNL0000441,100-00-0844,NATHAN,MAY,1998-11-30,U,TERM_20,ACTIVE,2024-07-19,92756.47,lnl
LNL0000442,100-00-0844,NATHAN,MAY,1998-11-30,U,ENDOWMENT,LAPSED,2011-09-21,28909.02,lnl
LNL0000443,100-00-0844,NATHAN,MAY,1998-11-30,U,UNIVERSAL_LIFE,ACTIVE,2024-05-25,107640.33,lnl
LNL0000444,100-00-0848,SANDRA,GREEN,1977-01-08,F,TERM_20,CANCELLED,2025-06-18,290412.49,lnl
LNL0000445,100-00-0853,SAMANTHA,HOLDEN,1988-10-10,F,TERM_20,ACTIVE,2015-12-30,99370.26,lnl
LNL0000446,100-00-0858,MICHAEL,BROWN,1964-09-17,M,UNIVERSAL_LIFE,ACTIVE,2023-11-17,223669.87,lnl
LNL0000447,100-00-0858,MICHAEL,BROWN,1964-09-17,M,TERM_20,ACTIVE,2007-11-02,55755.47,lnl
LNL0000448,100-00-0861,ERIN,ELLISON,1966-01-14,M,WHOLE_LIFE,ACTIVE,2007-04-19,107337.03,lnl
LNL0000449,100-00-0864,MICHAEL,EDWARDS,1990-07-20,M,WHOLE_LIFE,PENDING,2015-02-16,25107.14,lnl
LNL0000450,100-00-0867,JOEL,MARTINEZ,1976-06-29,F,TERM_20,LAPSED,2006-08-19,23802.55,lnl
LNL0000451,100-00-0868,ELIZABETH,ROBERTS,1986-08-14,M,TERM_20,ACTIVE,2012-11-06,21913.42,lnl
LNL0000452,100-00-0871,SARAH,RUSSELL,1965-07-28,U,ENDOWMENT,ACTIVE,2009-04-12,98845.49,lnl
LNL0000453,100-00-0876,DAVID,ESTRADA,1972-05-21,F,UNIVERSAL_LIFE,PENDING,2014-10-17,433989.50,lnl
