policy_number,transaction_id,premium_date,amount,payment_method,status,org_code
LNL0000001,89785FA2096B319B,2026-03-01,183.37,CREDIT_CARD,PAID,lnl
LNL0000001,46E811515C3476EA,2026-01-30,183.37,CREDIT_CARD,PAID,lnl
LNL0000001,1CD3601D523D1127,2025-12-31,183.37,EFT,PAID,lnl
LNL0000002,157903BFE69211D5,2026-03-01,155.19,CHECK,PENDING,lnl
LNL0000002,F89A9D34763F35AD,2026-01-30,155.19,CREDIT_CARD,PAID,lnl
LNL0000002,51D23C95A484AB1A,2025-12-31,155.19,CHECK,PAID,lnl
LNL0000003,AE61DAB8934DA2B6,2026-03-01,2413.50,EFT,PAID,lnl
LNL0000003,FA468572858EE598,2026-01-30,2413.50,EFT,RETURNED,lnl
LNL0000003,A3272DC1ADAB7551,2025-12-31,2413.50,EFT,PENDING,lnl
LNL0000004,8427D6BB5F69BBA0,2026-03-01,1186.57,CHECK,PENDING,lnl
LNL0000004,A72BF4D43196C9DB,2026-01-30,1186.57,EFT,PAID,lnl
LNL0000004,FC61C725A69C8465,2025-12-31,1186.57,CHECK,RETURNED,lnl
LNL0000005,444FFC89928C33C6,2026-03-01,3800.27,CHECK,PAID,lnl
LNL0000005,216622B46413A8A4,2026-01-30,3800.27,CHECK,PAID,lnl
LNL0000005,0A9B3864BCE19FF1,2025-12-31,3800.27,CHECK,PAID,lnl
LNL0000006,7042D239E0A9FF37,2026-03-01,431.22,CHECK,RETURNED,lnl
LNL0000006,4A1ACFCA2E14C23B,2026-01-30,431.22,CREDIT_CARD,PAID,lnl
LNL0000006,C6C8A6F98E5A0FBC,2025-12-31,431.22,EFT,PAID,lnl
LNL0000007,AB71E044CD61D01D,2026-03-01,41.96,EFT,PAID,lnl
LNL0000007,BE7F5509334EB25F,2026-01-30,41.96,EFT,PENDING,lnl
LNL0000007,9012EF14C2EA25B4,2025-12-31,41.96,CREDIT_CARD,PAID,lnl
LNL0000008,F98F130E3DE09F2F,2026-03-01,1314.86,EFT,RETURNED,lnl
LNL0000008,CC7A42E39F583C0F,2026-01-30,1314.86,EFT,PAID,lnl
LNL0000008,337D1E7036221336,2025-12-31,1314.86,CREDIT_CARD,PENDING,lnl
LNL0000009,CB26BDDA43120C8D,2026-03-01,139.03,CHECK,RETURNED,lnl
LNL0000009,CBA969D633ACA967,2026-01-30,139.03,CHECK,PENDING,lnl
LNL0000009,B8364B954DA35D06,2025-12-31,139.03,CHECK,RETURNED,lnl
LNL0000010,DECB491B99467CD5,2026-03-01,2055.08,EFT,RETURNED,lnl
LNL0000010,8C5B94BD8C3A50FB,2026-01-30,2055.08,EFT,PENDING,lnl
LNL0000010,63DE6CBAF3312190,2025-12-31,2055.08,CHECK,PAID,lnl
LNL0000011,BD99CF44EB8FF392,2026-03-01,156.44,EFT,RETURNED,lnl
LNL0000011,61828DFF7A9E0DE4,2026-01-30,156.44,EFT,PAID,lnl
LNL0000011,58BFBFFABB7C7FB3,2025-12-31,156.44,CHECK,RETURNED,lnl
LNL0000012,695BEA851ED81C4E,2026-03-01,424.18,CHECK,PAID,lnl
LNL0000012,8FA631CA4F74F492,2026-01-30,424.18,CREDIT_CARD,PAID,lnl
LNL0000012,7B1564A61D0DAA21,2025-12-31,424.18,CREDIT_CARD,PAID,lnl
LNL0000013,EBAF13F9A6E933BD,2026-03-01,350.40,EFT,RETURNED,lnl
LNL0000013,80C6D048C1F60F60,2026-01-30,350.40,CREDIT_CARD,PAID,lnl
LNL0000013,22917F30B7515B6A,2025-12-31,350.40,CREDIT_CARD,RETURNED,lnl
LNL0000014,A5ECB5148321EAFB,2026-03-01,107.71,EFT,PAID,lnl
LNL0000014,2B69E040D1413C92,2026-01-30,107.71,EFT,PENDING,lnl
LNL0000014,DC6B535A79D67B25,2025-12-31,107.71,EFT,PAID,lnl
LNL0000015,B2DE019390735ACA,2026-03-01,61.92,CHECK,RETURNED,lnl
LNL0000015,C6806E817A4780CD,2026-01-30,61.92,EFT,PENDING,lnl
LNL0000015,7EEBB3887EB8D152,2025-12-31,61.92,CREDIT_CARD,PENDING,lnl
LNL0000016,494C1160CDCC1E94,2026-03-01,2327.78,CHECK,PENDING,lnl
LNL0000016,CA8BA4112BD3B440,2026-01-30,2327.78,CREDIT_CARD,PAID,lnl
LNL0000016,A14B0740FA703508,2025-12-31,2327.78,EFT,PENDING,lnl
LNL0000017,19D7A0323514AE0D,2026-03-01,97.83,CREDIT_CARD,PENDING,lnl
LNL0000017,79AD11267AE17DC0,2026-01-30,97.83,CREDIT_CARD,PENDING,lnl
LNL0000017,021651B7B96525F8,2025-12-31,97.83,CHECK,PENDING,lnl
LNL0000018,B3D60F702C4E26A3,2026-03-01,548.06,CREDIT_CARD,PAID,lnl
LNL0000018,5C39338758F1495E,2026-01-30,548.06,CREDIT_CARD,PENDING,lnl
LNL0000018,8F88450EFFF9B044,2025-12-31,548.06,CHECK,PAID,lnl
LNL0000019,95EDF32FFBEDD6F3,2026-03-01,306.36,CREDIT_CARD,PAID,lnl
LNL0000019,2C11B62F369BFA54,2026-01-30,306.36,CREDIT_CARD,PAID,lnl
LNL0000019,900A51C9E89DB01B,2025-12-31,306.36,CHECK,PENDING,lnl
LNL0000020,2190232ECE046BA7,2026-03-01,726.25,CHECK,RETURNED,lnl
LNL0000020,58EC0E196ABBEF12,2026-01-30,726.25,CREDIT_CARD,PAID,lnl
LNL0000020,D5D0BD51E5C35381,2025-12-31,726.25,EFT,PENDING,lnl
LNL0000021,367DFC4BC629B894,2026-03-01,2147.04,EFT,PAID,lnl
LNL0000021,5D9220E58A92585F,2026-01-30,2147.04,EFT,PAID,lnl
LNL0000021,C9C60D5307445C68,2025-12-31,2147.04,CHECK,PAID,lnl
LNL0000022,40BD6DC9675D01E5,2026-03-01,337.55,CHECK,PAID,lnl
LNL0000022,8A6687B66B923378,2026-01-30,337.55,CREDIT_CARD,PAID,lnl
LNL0000022,4D640E6DEFC2DAB5,2025-12-31,337.55,EFT,PENDING,lnl
LNL0000023,A96BE476FE6FC382,2026-03-01,81.18,CHECK,RETURNED,lnl
LNL0000023,29B0286AA1E6D5CD,2026-01-30,81.18,EFT,PAID,lnl
LNL0000023,5DBAA7029CFC10D4,2025-12-31,81.18,CHECK,RETURNED,lnl
LNL0000024,9B0EB964F26C9508,2026-03-01,1676.96,CREDIT_CARD,PAID,lnl
LNL0000024,6F22806B2B4933E5,2026-01-30,1676.96,CHECK,RETURNED,lnl
LNL0000024,41B0CD32A8B0A2A9,2025-12-31,1676.96,CHECK,PENDING,lnl
LNL0000025,255C10A9B2DA58F0,2026-03-01,1719.40,EFT,PAID,lnl
LNL0000025,9DC40DE232D3C4D3,2026-01-30,1719.40,CREDIT_CARD,RETURNED,lnl
LNL0000025,54384690494A7B6A,2025-12-31,1719.40,EFT,PAID,lnl
LNL0000026,4CE737661E897214,2026-03-01,108.67,EFT,PAID,lnl
LNL0000026,8C841F36DC49AFB5,2026-01-30,108.67,EFT,PAID,lnl
LNL0000026,827411E624334898,2025-12-31,108.67,CREDIT_CARD,PAID,lnl
LNL0000027,011239B5F774C38B,2026-03-01,830.09,CREDIT_CARD,PAID,lnl
LNL0000027,C59CE1E4EFF0AF04,2026-01-30,830.09,CHECK,PAID,lnl
LNL0000027,4375EEAE395B2653,2025-12-31,830.09,CHECK,PAID,lnl
LNL0000028,5D55A92E774D8DE9,2026-03-01,234.44,CHECK,PENDING,lnl
LNL0000028,0FB01CE3A88F7405,2026-01-30,234.44,CHECK,RETURNED,lnl
LNL0000028,95D51A954B1BAB82,2025-12-31,234.44,CHECK,RETURNED,lnl
LNL0000029,BA078B41386761F2,2026-03-01,1653.16,CREDIT_CARD,PAID,lnl
LNL0000029,9CBB16A72F564D3A,2026-01-30,1653.16,CREDIT_CARD,PAID,lnl
LNL0000029,A3FC66CE191A8499,2025-12-31,1653.16,CREDIT_CARD,PAID,lnl
LNL0000030,5AAFB2C27170858C,2026-03-01,424.48,CHECK,RETURNED,lnl
LNL0000030,E39CE649CB0FE97F,2026-01-30,424.48,EFT,PAID,lnl
LNL0000030,A454263DF40B1622,2025-12-31,424.48,CREDIT_CARD,PAID,lnl
LNL0000031,862DF414F52A0032,2026-03-01,1063.58,EFT,RETURNED,lnl
LNL0000031,679B7C02BDE1EBC0,2026-01-30,1063.58,CHECK,PENDING,lnl
LNL0000031,F414C89A07A422DC,2025-12-31,1063.58,CHECK,PAID,lnl
LNL0000032,AB02D73A9F482472,2026-03-01,147.56,CHECK,PAID,lnl
LNL0000032,12DD196466EAD103,2026-01-30,147.56,CHECK,PENDING,lnl
LNL0000032,721D499B298CB60E,2025-12-31,147.56,CHECK,PAID,lnl
LNL0000033,A76D0118BBED9732,2026-03-01,80.81,EFT,PAID,lnl
LNL0000033,11CA84506FC60DF5,2026-01-30,80.81,EFT,PAID,lnl
LNL0000033,F2920AE3AD7EC49B,2025-12-31,80.81,EFT,PENDING,lnl
LNL0000034,D2F6F19D085D6755,2026-03-01,303.49,CHECK,PAID,lnl
LNL0000034,8C1E9F542132215A,2026-01-30,303.49,EFT,PAID,lnl
LNL0000034,FB845153E79C7FE0,2025-12-31,303.49,CHECK,PAID,lnl
LNL0000035,A6875BA66C070880,2026-03-01,136.76,CREDIT_CARD,PENDING,lnl
LNL0000035,CEE4C850F4E42A8F,2026-01-30,136.76,EFT,RETURNED,lnl
LNL0000035,9AD0DFC8BF1B543F,2025-12-31,136.76,EFT,PENDING,lnl
LNL0000036,D3930D809A14B4E8,2026-03-01,128.23,CHECK,PENDING,lnl
LNL0000036,C7C042831E6F8CD2,2026-01-30,128.23,EFT,RETURNED,lnl
LNL0000036,E1B12CC34A6E6F93,2025-12-31,128.23,CREDIT_CARD,PAID,lnl
LNL0000037,478743EE058F36D7,2026-03-01,325.52,EFT,PAID,lnl
LNL0000037,72D0692EF22F5B56,2026-01-30,325.52,CREDIT_CARD,PENDING,lnl
LNL0000037,90001738F4B189DA,2025-12-31,325.52,CREDIT_CARD,PENDING,lnl
LNL0000038,E5780F7A683BAF13,2026-03-01,399.92,EFT,PAID,lnl
LNL0000038,C2C21050172EB306,2026-01-30,399.92,EFT,PAID,lnl
LNL0000038,174B5EB6D369F3AB,2025-12-31,399.92,EFT,PENDING,lnl
LNL0000039,8E54B98B41C669E5,2026-03-01,375.56,EFT,PAID,lnl
LNL0000039,F4864FF8A5A0C2FD,2026-01-30,375.56,CREDIT_CARD,PENDING,lnl
LNL0000039,20E1C6EBFF52B409,2025-12-31,375.56,CREDIT_CARD,RETURNED,lnl
LNL0000040,11C514D7E07BCA47,2026-03-01,1356.32,EFT,PAID,lnl
LNL0000040,2173A27E00D5F776,2026-01-30,1356.32,EFT,RETURNED,lnl
LNL0000040,1BB33AD2761ADB65,2025-12-31,1356.32,EFT,PAID,lnl
LNL0000041,C8120D5CE352EC42,2026-03-01,100.44,CHECK,PAID,lnl
LNL0000041,B7E8FE713C44496E,2026-01-30,100.44,CREDIT_CARD,PENDING,lnl
LNL0000041,07C7DFE7D6D6552F,2025-12-31,100.44,EFT,PAID,lnl
LNL0000042,6C5E67E3DD281EAB,2026-03-01,291.03,CHECK,PAID,lnl
LNL0000042,078428816F981CC9,2026-01-30,291.03,EFT,PAID,lnl
LNL0000042,DC77BF9C9D872881,2025-12-31,291.03,EFT,PAID,lnl
LNL0000043,FBBD4A5DD33319FA,2026-03-01,217.61,CREDIT_CARD,PAID,lnl
LNL0000043,BCB55E1659BD6AE7,2026-01-30,217.61,CHECK,PAID,lnl
LNL0000043,9C8794E5076C758C,2025-12-31,217.61,CREDIT_CARD,RETURNED,lnl
LNL0000044,113F8AE39EDB17FF,2026-03-01,1805.46,EFT,PENDING,lnl
LNL0000044,78E072B15E346137,2026-01-30,1805.46,EFT,PENDING,lnl
LNL0000044,61402730FD2FBBCE,2025-12-31,1805.46,EFT,PENDING,lnl
LNL0000045,940559B63915DA2D,2026-03-01,212.81,CREDIT_CARD,PAID,lnl
LNL0000045,E29ADEF6F9A28036,2026-01-30,212.81,CREDIT_CARD,RETURNED,lnl
LNL0000045,FACABB81E3595C6E,2025-12-31,212.81,CHECK,PAID,lnl
LNL0000046,16FFA8F9E4AF7FB4,2026-03-01,264.51,EFT,RETURNED,lnl
LNL0000046,4C7939FDBDD3CF35,2026-01-30,264.51,CHECK,PAID,lnl
LNL0000046,FB1EBB873B3223E4,2025-12-31,264.51,CHECK,PAID,lnl
LNL0000047,19F781718EB13971,2026-03-01,608.34,CHECK,PAID,lnl
LNL0000047,42863E38909AB30E,2026-01-30,608.34,CHECK,PAID,lnl
LNL0000047,B18C4F533A54AC04,2025-12-31,608.34,CREDIT_CARD,PENDING,lnl
LNL0000048,F3DCFBDFCB3F6FC6,2026-03-01,159.26,CREDIT_CARD,PENDING,lnl
LNL0000048,731E9E128D8DCB63,2026-01-30,159.26,CHECK,PENDING,lnl
LNL0000048,CD92AAD73E5E4348,2025-12-31,159.26,CREDIT_CARD,PAID,lnl
LNL0000049,F1D903736DAA33A5,2026-03-01,782.45,EFT,RETURNED,lnl
LNL0000049,E08F15BE11E1E06B,2026-01-30,782.45,EFT,PAID,lnl
LNL0000049,BD906E100314D546,2025-12-31,782.45,CREDIT_CARD,PENDING,lnl
LNL0000050,26BD4239921B4B73,2026-03-01,790.09,CREDIT_CARD,RETURNED,lnl
LNL0000050,DC28855503C64EBF,2026-01-30,790.09,CREDIT_CARD,PAID,lnl
LNL0000050,17483D3630236CC4,2025-12-31,790.09,CHECK,PAID,lnl
LNL0000051,F75E6C57CF2206DB,2026-03-01,145.60,CHECK,PAID,lnl
LNL0000051,4621FFB1824621B6,2026-01-30,145.60,CHECK,PENDING,lnl
LNL0000051,93D7F4E8F1DA58DF,2025-12-31,145.60,CREDIT_CARD,PAID,lnl
LNL0000052,93886D7254BB223C,2026-03-01,572.19,EFT,PAID,lnl
LNL0000052,5621678C4F18B051,2026-01-30,572.19,EFT,RETURNED,lnl
LNL0000052,F8BE60A8C1A908F6,2025-12-31,572.19,EFT,PAID,lnl
LNL0000053,EA84279C705E9415,2026-03-01,1395.16,CHECK,RETURNED,lnl
LNL0000053,F00A2C28CF8F257B,2026-01-30,1395.16,EFT,PENDING,lnl
LNL0000053,DB8136FF75198427,2025-12-31,1395.16,EFT,RETURNED,lnl
LNL0000054,0496A0AABF71774B,2026-03-01,798.43,CREDIT_CARD,PAID,lnl
LNL0000054,7E48AB5AC9FEEEC3,2026-01-30,798.43,EFT,PAID,lnl
LNL0000054,7FB46BBEF9E0A00C,2025-12-31,798.43,CREDIT_CARD,RETURNED,lnl
LNL0000055,2E9AFD3082EDEC89,2026-03-01,146.75,EFT,PAID,lnl
LNL0000055,37902FD7E0B7BE72,2026-01-30,146.75,CREDIT_CARD,PENDING,lnl
LNL0000055,AB224346D1035E46,2025-12-31,146.75,CHECK,PAID,lnl
LNL0000056,15C622F204A52D65,2026-03-01,514.35,EFT,PAID,lnl
LNL0000056,F96A38506D32F675,2026-01-30,514.35,CREDIT_CARD,PAID,lnl
LNL0000056,9D01C149A86E9066,2025-12-31,514.35,CREDIT_CARD,PAID,lnl
LNL0000057,AEBBA24BB7FFC749,2026-03-01,53.47,EFT,PENDING,lnl
LNL0000057,DE717685224982F3,2026-01-30,53.47,CREDIT_CARD,PAID,lnl
LNL0000057,9E6C8E5239E49F08,2025-12-31,53.47,CHECK,PAID,lnl
LNL0000058,3846E428CD4CC645,2026-03-01,537.51,CHECK,PAID,lnl
LNL0000058,CE44A334D8EDFFA8,2026-01-30,537.51,CREDIT_CARD,PAID,lnl
LNL0000058,BDAFB365F633BA7A,2025-12-31,537.51,EFT,RETURNED,lnl
LNL0000059,D1F63B5AD7302171,2026-03-01,144.09,CREDIT_CARD,PAID,lnl
LNL0000059,9ECA37429BD20CF1,2026-01-30,144.09,EFT,RETURNED,lnl
LNL0000059,13A387B494B18E58,2025-12-31,144.09,EFT,RETURNED,lnl
LNL0000060,3B477E25EC66B7D0,2026-03-01,821.56,CREDIT_CARD,PAID,lnl
LNL0000060,C04561F20AB93DE7,2026-01-30,821.56,CREDIT_CARD,PAID,lnl
LNL0000060,54BE1B172E35366F,2025-12-31,821.56,CHECK,PAID,lnl
LNL0000061,F40B2FB493AE9998,2026-03-01,815.53,CHECK,PENDING,lnl
LNL0000061,C685E5F196E89BB2,2026-01-30,815.53,CHECK,PAID,lnl
LNL0000061,1A82EDA0E72D2C66,2025-12-31,815.53,CREDIT_CARD,PENDING,lnl
LNL0000062,3F8C601F60828586,2026-03-01,168.10,EFT,PAID,lnl
LNL0000062,297EEC7CC931F125,2026-01-30,168.10,EFT,RETURNED,lnl
LNL0000062,6B8264AFC65F1C58,2025-12-31,168.10,CREDIT_CARD,PAID,lnl
LNL0000063,55EC92B121D9B8D0,2026-03-01,117.45,CREDIT_CARD,RETURNED,lnl
LNL0000063,5B385C84EECFCD97,2026-01-30,117.45,CREDIT_CARD,PAID,lnl
LNL0000063,B594273BC364A918,2025-12-31,117.45,CHECK,RETURNED,lnl
LNL0000064,F31A17EA01E4A86A,2026-03-01,163.36,CHECK,PAID,lnl
LNL0000064,3B6FBB4DE048C1D7,2026-01-30,163.36,CHECK,PENDING,lnl
LNL0000064,D4B4122C1D3C406E,2025-12-31,163.36,CREDIT_CARD,PAID,lnl
LNL0000065,079C6605AF50BB63,2026-03-01,104.65,EFT,PAID,lnl
LNL0000065,3820CFC90872AA30,2026-01-30,104.65,CREDIT_CARD,PAID,lnl
LNL0000065,BEEEF6156A1A155E,2025-12-31,104.65,EFT,PAID,lnl
LNL0000066,9789C7A56A232D85,2026-03-01,3619.01,CHECK,PENDING,lnl
LNL0000066,126F1C0CAED61797,2026-01-30,3619.01,CHECK,PENDING,lnl
LNL0000066,B41AAE0B529ED6E7,2025-12-31,3619.01,EFT,PAID,lnl
LNL0000067,D35B8D6419F9A8F9,2026-03-01,2280.04,EFT,PAID,lnl
LNL0000067,A62592E49D80B2AF,2026-01-30,2280.04,EFT,RETURNED,lnl
LNL0000067,8E929F6E682507AE,2025-12-31,2280.04,CREDIT_CARD,RETURNED,lnl
LNL0000068,23EDE7E4CA31D84C,2026-03-01,2978.69,CHECK,RETURNED,lnl
LNL0000068,4481326E0AD1F694,2026-01-30,2978.69,EFT,PENDING,lnl
LNL0000068,B46D0B998FBCB37A,2025-12-31,2978.69,EFT,PENDING,lnl
LNL0000069,A669035A350BD795,2026-03-01,233.49,CHECK,RETURNED,lnl
LNL0000069,C7C5CDC7AFA33FD5,2026-01-30,233.49,CHECK,RETURNED,lnl
LNL0000069,FB23D72E8E2D3B77,2025-12-31,233.49,EFT,PENDING,lnl
LNL0000070,7B325848E17CCEC4,2026-03-01,858.82,CREDIT_CARD,PAID,lnl
LNL0000070,A7747A2E52C3EF99,2026-01-30,858.82,CREDIT_CARD,PAID,lnl
LNL0000070,3A955E43183E67D0,2025-12-31,858.82,CHECK,PAID,lnl
LNL0000071,8037DAA5ED10CDDC,2026-03-01,237.91,CHECK,PAID,lnl
LNL0000071,7E3FA35894EC854B,2026-01-30,237.91,CREDIT_CARD,PENDING,lnl
LNL0000071,2A1362120D875FCD,2025-12-31,237.91,EFT,PAID,lnl
LNL0000072,1B08AD3D9A77E28C,2026-03-01,497.91,CREDIT_CARD,PAID,lnl
LNL0000072,F564A3DD5BA83A71,2026-01-30,497.91,CHECK,PENDING,lnl
LNL0000072,F5313C058D6A6BAC,2025-12-31,497.91,CREDIT_CARD,PAID,lnl
LNL0000073,8BE555880C00B02B,2026-03-01,2131.96,CREDIT_CARD,PAID,lnl
LNL0000073,373A0FAC0BD82E7B,2026-01-30,2131.96,EFT,PAID,lnl
LNL0000073,B346224DBAFE0FB2,2025-12-31,2131.96,CHECK,RETURNED,lnl
LNL0000074,D21C8FDB1690A4A7,2026-03-01,2747.49,CREDIT_CARD,PENDING,lnl
LNL0000074,3B9A4F6746932405,2026-01-30,2747.49,CREDIT_CARD,RETURNED,lnl
LNL0000074,4AB0CF7C183C729F,2025-12-31,2747.49,EFT,PAID,lnl
LNL0000075,46AB19A785F43E00,2026-03-01,564.30,EFT,RETURNED,lnl
LNL0000075,338822900DC07130,2026-01-30,564.30,CREDIT_CARD,PAID,lnl
LNL0000075,01DBC5A49B300B9C,2025-12-31,564.30,EFT,PAID,lnl
LNL0000076,F00405DF618F46EB,2026-03-01,173.77,CREDIT_CARD,PAID,lnl
LNL0000076,DCE3281C4D9782B4,2026-01-30,173.77,CREDIT_CARD,PAID,lnl
LNL0000076,5CD60374006C1C9A,2025-12-31,173.77,EFT,PAID,lnl
LNL0000077,CFB466C03CC7A548,2026-03-01,171.02,CHECK,PAID,lnl
LNL0000077,625FF330C1A84212,2026-01-30,171.02,CREDIT_CARD,PAID,lnl
LNL0000077,47487CAECFCB7CB7,2025-12-31,171.02,CREDIT_CARD,PAID,lnl
LNL0000078,FB2C4D2A2ADD3557,2026-03-01,2740.12,EFT,PAID,lnl
LNL0000078,4D4E0634E0B16F55,2026-01-30,2740.12,EFT,PAID,lnl
LNL0000078,3FF048355CB8E0D4,2025-12-31,2740.12,CREDIT_CARD,PAID,lnl
LNL0000079,62D03976FC640245,2026-03-01,1868.85,CHECK,PAID,lnl
LNL0000079,D37121683752E50C,2026-01-30,1868.85,CHECK,RETURNED,lnl
LNL0000079,15DEB4363D7CA04C,2025-12-31,1868.85,CHECK,PAID,lnl
LNL0000080,94328939A350E002,2026-03-01,1107.11,CHECK,PAID,lnl
LNL0000080,B12633199BB5064A,2026-01-30,1107.11,EFT,PAID,lnl
LNL0000080,339ECE4546C80370,2025-12-31,1107.11,CHECK,PAID,lnl
LNL0000081,B217C6E654A69DF3,2026-03-01,4305.13,CREDIT_CARD,PAID,lnl
LNL0000081,4345DE11AA6E8F95,2026-01-30,4305.13,EFT,PAID,lnl
LNL0000081,2C09284A79F91D6B,2025-12-31,4305.13,CREDIT_CARD,RETURNED,lnl
LNL0000082,0021D53D657683F4,2026-03-01,166.33,CHECK,PAID,lnl
LNL0000082,BDCD50A789278930,2026-01-30,166.33,CREDIT_CARD,PENDING,lnl
LNL0000082,669AD1B303CCD0D6,2025-12-31,166.33,CREDIT_CARD,RETURNED,lnl
LNL0000083,035AA652BAF5DE9D,2026-03-01,2515.99,EFT,PAID,lnl
LNL0000083,3A2D00EB210B53F9,2026-01-30,2515.99,CHECK,RETURNED,lnl
LNL0000083,6FF7AA33B6A25462,2025-12-31,2515.99,EFT,RETURNED,lnl
LNL0000084,CFC710CB8AA37F1D,2026-03-01,218.86,CREDIT_CARD,PENDING,lnl
LNL0000084,E98AC635D246C163,2026-01-30,218.86,EFT,PAID,lnl
LNL0000084,9346C2B4C91C149B,2025-12-31,218.86,EFT,PAID,lnl
LNL0000085,F37D0B9B3E7A5BFD,2026-03-01,151.04,CREDIT_CARD,PAID,lnl
LNL0000085,066C7508EFDCDF67,2026-01-30,151.04,CHECK,PAID,lnl
LNL0000085,769AECD620B8691F,2025-12-31,151.04,CREDIT_CARD,PAID,lnl
LNL0000086,A17B438BC7C924B2,2026-03-01,2577.25,CHECK,PAID,lnl
LNL0000086,9E1ACD2C9FD5346E,2026-01-30,2577.25,CREDIT_CARD,PAID,lnl
LNL0000086,6F0D1498934699BA,2025-12-31,2577.25,EFT,RETURNED,lnl
LNL0000087,8ACF2479003A03FE,2026-03-01,630.67,CHECK,PAID,lnl
LNL0000087,29618B2A31377F04,2026-01-30,630.67,CREDIT_CARD,PAID,lnl
LNL0000087,F8B7A57B2ED1B997,2025-12-31,630.67,CREDIT_CARD,RETURNED,lnl
LNL0000088,259C6A12C0DF9D79,2026-03-01,3596.03,CREDIT_CARD,PAID,lnl
LNL0000088,1D26520F7C17A822,2026-01-30,3596.03,CREDIT_CARD,PENDING,lnl
LNL0000088,44DB9F3F2BE61EAE,2025-12-31,3596.03,CHECK,PAID,lnl
LNL0000089,FB075CEA107C43B0,2026-03-01,3764.27,CREDIT_CARD,RETURNED,lnl
LNL0000089,F659CD4B06EAEB93,2026-01-30,3764.27,CREDIT_CARD,PAID,lnl
LNL0000089,605A5A05CE9A6BDE,2025-12-31,3764.27,CHECK,PENDING,lnl
LNL0000090,D08BC583F2101827,2026-03-01,1616.81,CREDIT_CARD,PENDING,lnl
LNL0000090,1857C91427E723A3,2026-01-30,1616.81,CHECK,PAID,lnl
LNL0000090,F9339890DEF63B0D,2025-12-31,1616.81,CREDIT_CARD,PAID,lnl
LNL0000091,EB6A47E9E01B8BDA,2026-03-01,145.38,CHECK,PAID,lnl
LNL0000091,F3C4D8D4052DF394,2026-01-30,145.38,CREDIT_CARD,PAID,lnl
LNL0000091,E319C6620F93BFBA,2025-12-31,145.38,CREDIT_CARD,PAID,lnl
LNL0000092,57678B95B3F53AED,2026-03-01,1297.05,EFT,PENDING,lnl
LNL0000092,8D162C73151E3006,2026-01-30,1297.05,CREDIT_CARD,PAID,lnl
LNL0000092,92FADC2DC34134E1,2025-12-31,1297.05,EFT,PAID,lnl
LNL0000093,8BF53B4EF4A5125C,2026-03-01,945.96,CHECK,PAID,lnl
LNL0000093,B42E64B1AFCA549D,2026-01-30,945.96,EFT,RETURNED,lnl
LNL0000093,C9816C159C56DE4D,2025-12-31,945.96,CREDIT_CARD,PAID,lnl
LNL0000094,1CC08B24F76472CB,2026-03-01,324.84,EFT,PENDING,lnl
LNL0000094,DB9033FFEE63ED36,2026-01-30,324.84,EFT,PAID,lnl
LNL0000094,9F4AA57E7194A21D,2025-12-31,324.84,CREDIT_CARD,PAID,lnl
LNL0000095,7CEC1EECABE9107C,2026-03-01,660.66,EFT,RETURNED,lnl
LNL0000095,A87C8C2EE676886E,2026-01-30,660.66,CREDIT_CARD,RETURNED,lnl
LNL0000095,5C47C46AC356334C,2025-12-31,660.66,CHECK,PAID,lnl
LNL0000096,BD790309E85B041D,2026-03-01,172.53,CREDIT_CARD,PAID,lnl
LNL0000096,8D198AAC7D950A8E,2026-01-30,172.53,CREDIT_CARD,PAID,lnl
LNL0000096,C5D64C39A24C59E2,2025-12-31,172.53,CREDIT_CARD,PENDING,lnl
LNL0000097,9A60A81B6F789AF7,2026-03-01,3488.05,CHECK,PAID,lnl
LNL0000097,C16B31F6D3A94523,2026-01-30,3488.05,CREDIT_CARD,RETURNED,lnl
LNL0000097,742A874454E5DD4B,2025-12-31,3488.05,CREDIT_CARD,PAID,lnl
LNL0000098,B8172DB86E63F26C,2026-03-01,1536.16,EFT,RETURNED,lnl
LNL0000098,BA01C8D85933FE07,2026-01-30,1536.16,EFT,PAID,lnl
LNL0000098,9306E2E7E0BFDA35,2025-12-31,1536.16,EFT,PENDING,lnl
LNL0000099,D31CF43EA318EE13,2026-03-01,1732.42,EFT,PENDING,lnl
LNL0000099,E020B673DE715961,2026-01-30,1732.42,CREDIT_CARD,PAID,lnl
LNL0000099,D80C8B4E13BE20A9,2025-12-31,1732.42,EFT,PAID,lnl
LNL0000100,39180784811573D4,2026-03-01,97.55,CHECK,PENDING,lnl
LNL0000100,F7AC90AFD1BDA367,2026-01-30,97.55,EFT,PAID,lnl
LNL0000100,F800F548603819EB,2025-12-31,97.55,CREDIT_CARD,PAID,lnl
LNL0000101,43270848C8152B76,2026-03-01,156.45,CHECK,PAID,lnl
LNL0000101,57FB99C1EF4360C6,2026-01-30,156.45,CREDIT_CARD,PENDING,lnl
LNL0000101,13A727AA52344DDB,2025-12-31,156.45,EFT,PAID,lnl
LNL0000102,F80A95957951E2D9,2026-03-01,207.73,CHECK,PENDING,lnl
LNL0000102,BC6EDF02CBA647C3,2026-01-30,207.73,EFT,PAID,lnl
LNL0000102,38A5706E24D87FA4,2025-12-31,207.73,CREDIT_CARD,PENDING,lnl
LNL0000103,6B7D1D7FE3ACFEE2,2026-03-01,1605.32,CREDIT_CARD,PENDING,lnl
LNL0000103,7E6154C8373A7C10,2026-01-30,1605.32,CREDIT_CARD,PAID,lnl
LNL0000103,9C2564F78143E6AE,2025-12-31,1605.32,CREDIT_CARD,PAID,lnl
LNL0000104,98F2764855390B6E,2026-03-01,1286.27,CHECK,PAID,lnl
LNL0000104,AEDA1298598FF5F8,2026-01-30,1286.27,EFT,RETURNED,lnl
LNL0000104,EA829D30F31BECCE,2025-12-31,1286.27,EFT,PAID,lnl
LNL0000105,9553F0932E525AAC,2026-03-01,347.39,CREDIT_CARD,PAID,lnl
LNL0000105,47E994122C4505AF,2026-01-30,347.39,CHECK,RETURNED,lnl
LNL0000105,271053AF32D4F930,2025-12-31,347.39,CREDIT_CARD,PAID,lnl
LNL0000106,4071AF6A724A55FB,2026-03-01,255.03,CREDIT_CARD,PAID,lnl
LNL0000106,EC92BD12A99A6D01,2026-01-30,255.03,CREDIT_CARD,PAID,lnl
LNL0000106,413DC69A7A6854E6,2025-12-31,255.03,CREDIT_CARD,PAID,lnl
LNL0000107,7ADD5044F77C96F2,2026-03-01,1787.95,CHECK,PAID,lnl
LNL0000107,C5C2B4B1E35F4FF2,2026-01-30,1787.95,CHECK,RETURNED,lnl
LNL0000107,A10C1C504041818D,2025-12-31,1787.95,CHECK,PENDING,lnl
LNL0000108,391192B95EC61C44,2026-03-01,126.44,CHECK,PENDING,lnl
LNL0000108,E243EDA69992FCCA,2026-01-30,126.44,CHECK,PENDING,lnl
LNL0000108,71F6382914414142,2025-12-31,126.44,CHECK,PAID,lnl
LNL0000109,D61432F4A1CFD426,2026-03-01,1273.16,CHECK,PAID,lnl
LNL0000109,35DAA716669624AA,2026-01-30,1273.16,CREDIT_CARD,PENDING,lnl
LNL0000109,6D7155B6B19FA733,2025-12-31,1273.16,CREDIT_CARD,PENDING,lnl
LNL0000110,F318BFF191653BC7,2026-03-01,256.79,CREDIT_CARD,RETURNED,lnl
LNL0000110,21C78A954F970499,2026-01-30,256.79,EFT,PENDING,lnl
LNL0000110,F27DE0BB578394D1,2025-12-31,256.79,EFT,RETURNED,lnl
LNL0000111,FB29653DE5340631,2026-03-01,414.41,EFT,PAID,lnl
LNL0000111,9907BD53B2FF32DE,2026-01-30,414.41,CREDIT_CARD,PAID,lnl
LNL0000111,9CF12B399A5F30BF,2025-12-31,414.41,CREDIT_CARD,PAID,lnl
LNL0000112,8F684650348872AA,2026-03-01,398.55,CREDIT_CARD,PENDING,lnl
LNL0000112,83047BB4661F98FE,2026-01-30,398.55,EFT,RETURNED,lnl
LNL0000112,8159CB73AC145BA6,2025-12-31,398.55,CHECK,PAID,lnl
LNL0000113,2511E44D6F43BBBB,2026-03-01,2410.74,CREDIT_CARD,PAID,lnl
LNL0000113,CB99721F75A72A50,2026-01-30,2410.74,CHECK,PAID,lnl
LNL0000113,C60F74ED1608317D,2025-12-31,2410.74,CHECK,PENDING,lnl
LNL0000114,5B6E56DBCAE87982,2026-03-01,854.22,CREDIT_CARD,RETURNED,lnl
LNL0000114,505C8323C2317B6E,2026-01-30,854.22,EFT,RETURNED,lnl
LNL0000114,82DD3FEB18806005,2025-12-31,854.22,CREDIT_CARD,PAID,lnl
LNL0000115,B7E315FEBA21EEC3,2026-03-01,898.63,CREDIT_CARD,PAID,lnl
LNL0000115,5F22387048CC3DB6,2026-01-30,898.63,CHECK,PAID,lnl
LNL0000115,06E58748D3D54008,2025-12-31,898.63,CHECK,PENDING,lnl
LNL0000116,6A0437CE8FCACBB1,2026-03-01,899.71,CREDIT_CARD,PAID,lnl
LNL0000116,DA0D535D4B4841B9,2026-01-30,899.71,EFT,PAID,lnl
LNL0000116,B20A1AF85F5CD8BB,2025-12-31,899.71,CREDIT_CARD,PAID,lnl
LNL0000117,D65F4621D523CA37,2026-03-01,828.88,CHECK,PENDING,lnl
LNL0000117,9533BDFC4C631382,2026-01-30,828.88,CREDIT_CARD,RETURNED,lnl
LNL0000117,FB221F6E8F730C29,2025-12-31,828.88,CHECK,PAID,lnl
LNL0000118,58BACBD48C2CEA10,2026-03-01,196.40,EFT,PAID,lnl
LNL0000118,9704897811B9E56F,2026-01-30,196.40,EFT,PAID,lnl
LNL0000118,94FA0D9E31A7AA15,2025-12-31,196.40,CREDIT_CARD,RETURNED,lnl
LNL0000119,4473E9C0A3773C9F,2026-03-01,1126.58,EFT,PENDING,lnl
LNL0000119,976CB96F41C26436,2026-01-30,1126.58,CHECK,RETURNED,lnl
LNL0000119,EB4E75EE5E75D7FF,2025-12-31,1126.58,EFT,PENDING,lnl
LNL0000120,CD2696E4709CFEA0,2026-03-01,715.60,EFT,PAID,lnl
LNL0000120,263DD45A44FC7EC2,2026-01-30,715.60,CREDIT_CARD,PAID,lnl
LNL0000120,C9E4B8FA186E8D05,2025-12-31,715.60,CHECK,PAID,lnl
LNL0000121,97BA624C6BA74067,2026-03-01,157.23,CREDIT_CARD,PENDING,lnl
LNL0000121,9A0AFB8BD6E767DE,2026-01-30,157.23,CHECK,PAID,lnl
LNL0000121,1B7B8E22F184C263,2025-12-31,157.23,CREDIT_CARD,PENDING,lnl
LNL0000122,01540D8975FBF483,2026-03-01,3420.56,CREDIT_CARD,PAID,lnl
LNL0000122,611C2AB8BA4E970F,2026-01-30,3420.56,EFT,PAID,lnl
LNL0000122,C44048C0DA76C5A0,2025-12-31,3420.56,CREDIT_CARD,PENDING,lnl
LNL0000123,6654C0D770A4F13A,2026-03-01,272.01,EFT,PENDING,lnl
LNL0000123,1F92B0896088879B,2026-01-30,272.01,CREDIT_CARD,PAID,lnl
LNL0000123,CDE87A702DDE886E,2025-12-31,272.01,CREDIT_CARD,RETURNED,lnl
LNL0000124,4F6D774CB9119390,2026-03-01,780.23,CREDIT_CARD,PAID,lnl
LNL0000124,7142A7EE1826D6BC,2026-01-30,780.23,CHECK,PAID,lnl
LNL0000124,E3B279B5A72DB854,2025-12-31,780.23,CHECK,PENDING,lnl
LNL0000125,33E01AE52463DD89,2026-03-01,1459.94,EFT,PENDING,lnl
LNL0000125,52C59FE44526B1E1,2026-01-30,1459.94,CHECK,RETURNED,lnl
LNL0000125,31AC2BD31B10D8D0,2025-12-31,1459.94,EFT,RETURNED,lnl
LNL0000126,5B74B015A687003B,2026-03-01,191.22,EFT,PAID,lnl
LNL0000126,EDB5EDC12D677124,2026-01-30,191.22,EFT,PENDING,lnl
LNL0000126,E33A8C5F10A8D026,2025-12-31,191.22,EFT,PAID,lnl
LNL0000127,09E12F8C1276C6DF,2026-03-01,352.35,CREDIT_CARD,RETURNED,lnl
LNL0000127,94CE1BF965C1EF61,2026-01-30,352.35,CHECK,RETURNED,lnl
LNL0000127,4A79E479DF5BB81F,2025-12-31,352.35,EFT,PAID,lnl
LNL0000128,6F934575AC2F3D39,2026-03-01,144.55,CREDIT_CARD,RETURNED,lnl
LNL0000128,4AD82AF4659E9CA6,2026-01-30,144.55,EFT,PAID,lnl
LNL0000128,2AA8D5F84C272930,2025-12-31,144.55,CREDIT_CARD,PAID,lnl
LNL0000129,03B7EA8E1F65262F,2026-03-01,225.49,EFT,PAID,lnl
LNL0000129,9819BC14FE978EA1,2026-01-30,225.49,EFT,RETURNED,lnl
LNL0000129,DFC3C5DBA8A18985,2025-12-31,225.49,CHECK,PENDING,lnl
LNL0000130,25F64C0CD9CA01DE,2026-03-01,3066.79,CHECK,PAID,lnl
LNL0000130,269713E6F39FF8E3,2026-01-30,3066.79,CHECK,RETURNED,lnl
LNL0000130,BBC2D4E9A78F3B62,2025-12-31,3066.79,CREDIT_CARD,PAID,lnl
LNL0000131,FA5619D78FBF6A99,2026-03-01,353.03,CREDIT_CARD,RETURNED,lnl
LNL0000131,8D0BAC12B9718212,2026-01-30,353.03,CHECK,PAID,lnl
LNL0000131,9DAE5D3807854E9E,2025-12-31,353.03,CHECK,PAID,lnl
LNL0000132,7416F25859CE178A,2026-03-01,1400.26,CREDIT_CARD,PAID,lnl
LNL0000132,AB3EA9E562988583,2026-01-30,1400.26,CHECK,PAID,lnl
LNL0000132,2EA9FE1BF6E94E7D,2025-12-31,1400.26,EFT,PENDING,lnl
LNL0000133,27E656C8956648AE,2026-03-01,249.41,CHECK,PAID,lnl
LNL0000133,8FB035E85AC1AD30,2026-01-30,249.41,EFT,PAID,lnl
LNL0000133,5810DD6BB77137BD,2025-12-31,249.41,CREDIT_CARD,PENDING,lnl
LNL0000134,0A95D62328A352D1,2026-03-01,1131.71,CREDIT_CARD,PAID,lnl
LNL0000134,A353DE8A684B0513,2026-01-30,1131.71,EFT,PENDING,lnl
LNL0000134,2BC5E39E97B4F521,2025-12-31,1131.71,CHECK,RETURNED,lnl
LNL0000135,EA26FF2C885A5635,2026-03-01,669.13,CREDIT_CARD,PAID,lnl
LNL0000135,CC410C5A9432246E,2026-01-30,669.13,CHECK,PAID,lnl
LNL0000135,284CAE516AA2E3C5,2025-12-31,669.13,EFT,RETURNED,lnl
LNL0000136,5AD7077D196C55E0,2026-03-01,2979.91,CREDIT_CARD,RETURNED,lnl
LNL0000136,44882CF39E067C44,2026-01-30,2979.91,EFT,PENDING,lnl
LNL0000136,C34F917751346850,2025-12-31,2979.91,CHECK,PAID,lnl
LNL0000137,A4614D3AD197B2ED,2026-03-01,148.92,CREDIT_CARD,RETURNED,lnl
LNL0000137,967181B99C42B7F9,2026-01-30,148.92,EFT,PAID,lnl
LNL0000137,0794002922CE89D6,2025-12-31,148.92,EFT,PAID,lnl
LNL0000138,599C7C8E15EA0A53,2026-03-01,194.31,CHECK,PENDING,lnl
LNL0000138,C6B52B2C68D3A1B1,2026-01-30,194.31,CHECK,RETURNED,lnl
LNL0000138,D815442C3DDF4035,2025-12-31,194.31,CREDIT_CARD,RETURNED,lnl
LNL0000139,6287A49FDA5A24E1,2026-03-01,132.56,CREDIT_CARD,PAID,lnl
LNL0000139,8B8E541F3C628C97,2026-01-30,132.56,EFT,PAID,lnl
LNL0000139,D7D6A288E74D10FD,2025-12-31,132.56,CREDIT_CARD,RETURNED,lnl
LNL0000140,F6DDC8B376E61153,2026-03-01,186.65,CREDIT_CARD,PENDING,lnl
LNL0000140,742B71D2CC408718,2026-01-30,186.65,CREDIT_CARD,PAID,lnl
LNL0000140,A990D5582BB26164,2025-12-31,186.65,CREDIT_CARD,PAID,lnl
LNL0000141,0C8EAF903C553ECB,2026-03-01,389.92,CHECK,PAID,lnl
LNL0000141,0D4C28C9A956AE2A,2026-01-30,389.92,EFT,PAID,lnl
LNL0000141,8794C97BFEE27D74,2025-12-31,389.92,CREDIT_CARD,PAID,lnl
LNL0000142,832D651128E01528,2026-03-01,272.98,EFT,RETURNED,lnl
LNL0000142,59467B76704C8751,2026-01-30,272.98,EFT,RETURNED,lnl
LNL0000142,5C47B81E1B75C0AA,2025-12-31,272.98,EFT,RETURNED,lnl
LNL0000143,B3E47B544DE6F32C,2026-03-01,100.80,EFT,RETURNED,lnl
LNL0000143,788B214C08DAB92D,2026-01-30,100.80,CHECK,PAID,lnl
LNL0000143,1A9D704B646E13B0,2025-12-31,100.80,CREDIT_CARD,PAID,lnl
LNL0000144,5BAC7E4802E679CA,2026-03-01,210.39,CREDIT_CARD,PAID,lnl
LNL0000144,769D85807F9AEE05,2026-01-30,210.39,CREDIT_CARD,PAID,lnl
LNL0000144,A846443E776F8C33,2025-12-31,210.39,EFT,PAID,lnl
LNL0000145,F93F803AA77CD0B4,2026-03-01,620.48,CHECK,PAID,lnl
LNL0000145,A63AA657078CA66A,2026-01-30,620.48,CHECK,PENDING,lnl
LNL0000145,01463152C4BE9790,2025-12-31,620.48,CREDIT_CARD,PAID,lnl
LNL0000146,2EAB103F6FB89A81,2026-03-01,3451.76,EFT,PAID,lnl
LNL0000146,39A160729305B955,2026-01-30,3451.76,CHECK,RETURNED,lnl
LNL0000146,6CFFA986BAA13805,2025-12-31,3451.76,CHECK,RETURNED,lnl
LNL0000147,DA4A60D3E68899B3,2026-03-01,1101.45,EFT,PENDING,lnl
LNL0000147,7C31CF975F2CEE9B,2026-01-30,1101.45,CHECK,PENDING,lnl
LNL0000147,334BCCCDF95AF8BF,2025-12-31,1101.45,CHECK,PAID,lnl
LNL0000148,76DDE50EDECE1CD4,2026-03-01,343.18,EFT,PAID,lnl
LNL0000148,D673C9F3F66C2BBC,2026-01-30,343.18,CHECK,PAID,lnl
LNL0000148,3E4D41106E83ADAE,2025-12-31,343.18,CHECK,RETURNED,lnl
LNL0000149,EB8EC4A0B171ED62,2026-03-01,545.73,CHECK,PAID,lnl
LNL0000149,F6540E6A375F945C,2026-01-30,545.73,CHECK,PAID,lnl
LNL0000149,FED10AD556F6B0D7,2025-12-31,545.73,EFT,PAID,lnl
LNL0000150,F824BB2CBAF348C1,2026-03-01,185.35,EFT,PENDING,lnl
LNL0000150,4DF2BE1EBD4F870B,2026-01-30,185.35,CREDIT_CARD,PAID,lnl
LNL0000150,C1C29A9643986C58,2025-12-31,185.35,CHECK,PENDING,lnl
LNL0000151,52BCF4C5B3EAFF49,2026-03-01,534.90,CREDIT_CARD,RETURNED,lnl
LNL0000151,209805FCD85ECACC,2026-01-30,534.90,CREDIT_CARD,RETURNED,lnl
LNL0000151,76B097C28CDB72CB,2025-12-31,534.90,CREDIT_CARD,PAID,lnl
LNL0000152,3895EE0DECCFF2C4,2026-03-01,2703.74,CREDIT_CARD,RETURNED,lnl
LNL0000152,E41522FC981691E7,2026-01-30,2703.74,CREDIT_CARD,PAID,lnl
LNL0000152,1A2E34850F7A4E96,2025-12-31,2703.74,CREDIT_CARD,PAID,lnl
LNL0000153,0D3F804371D4A408,2026-03-01,414.63,CREDIT_CARD,PAID,lnl
LNL0000153,50B74383DC764509,2026-01-30,414.63,EFT,PAID,lnl
LNL0000153,2A31BC3EFB500C05,2025-12-31,414.63,CREDIT_CARD,PAID,lnl
LNL0000154,EA50FE3C011AD168,2026-03-01,420.60,CREDIT_CARD,PAID,lnl
LNL0000154,23E86BB340987CCD,2026-01-30,420.60,CREDIT_CARD,PENDING,lnl
LNL0000154,BFEDEBA7BF2ED28F,2025-12-31,420.60,EFT,PAID,lnl
LNL0000155,B4C1494D2DE28EE8,2026-03-01,2327.69,EFT,RETURNED,lnl
LNL0000155,C8792C91209C131F,2026-01-30,2327.69,CREDIT_CARD,PAID,lnl
LNL0000155,824ECE2EB8D8ABE9,2025-12-31,2327.69,EFT,PENDING,lnl
LNL0000156,617005C403DF9E0D,2026-03-01,177.33,CREDIT_CARD,PAID,lnl
LNL0000156,92FF38725554390E,2026-01-30,177.33,CREDIT_CARD,PAID,lnl
LNL0000156,A6A9EE1F900FDE85,2025-12-31,177.33,EFT,PAID,lnl
LNL0000157,2A8D29A45EABD731,2026-03-01,550.16,CREDIT_CARD,PAID,lnl
LNL0000157,488AF6F15D3D3452,2026-01-30,550.16,CHECK,PAID,lnl
LNL0000157,170D38E8711EBB25,2025-12-31,550.16,EFT,PAID,lnl
LNL0000158,71D889A575AB4647,2026-03-01,47.14,CREDIT_CARD,PAID,lnl
LNL0000158,447427081DFB7059,2026-01-30,47.14,CHECK,PAID,lnl
LNL0000158,162050575E8F8360,2025-12-31,47.14,CREDIT_CARD,PENDING,lnl
LNL0000159,672AA60CD7E14FC9,2026-03-01,2243.83,CREDIT_CARD,PAID,lnl
LNL0000159,80F7CD9F3C3BE794,2026-01-30,2243.83,CREDIT_CARD,PAID,lnl
LNL0000159,F7059740FBC39957,2025-12-31,2243.83,CHECK,PAID,lnl
LNL0000160,CE82F1E47A12EF56,2026-03-01,329.89,EFT,RETURNED,lnl
LNL0000160,4481517A6D8D59A5,2026-01-30,329.89,CHECK,PAID,lnl
LNL0000160,B30B981C336A81C8,2025-12-31,329.89,CREDIT_CARD,PAID,lnl
LNL0000161,29B00B1222281FC3,2026-03-01,753.01,CHECK,PAID,lnl
LNL0000161,4D44BF15F183609C,2026-01-30,753.01,EFT,RETURNED,lnl
LNL0000161,340CCA8C49911C4C,2025-12-31,753.01,EFT,PAID,lnl
LNL0000162,CDA201191F6C933A,2026-03-01,1379.56,CREDIT_CARD,PAID,lnl
LNL0000162,7A4BB8FD972BC20C,2026-01-30,1379.56,CREDIT_CARD,PAID,lnl
LNL0000162,945EFFD9F64E4B42,2025-12-31,1379.56,CHECK,PAID,lnl
LNL0000163,4AE46951F38934CB,2026-03-01,912.06,CREDIT_CARD,PAID,lnl
LNL0000163,B38BC1172810B667,2026-01-30,912.06,CHECK,RETURNED,lnl
LNL0000163,336687DAAEAEDB89,2025-12-31,912.06,CREDIT_CARD,PENDING,lnl
LNL0000164,BB522A3595AC57D4,2026-03-01,150.14,CHECK,PAID,lnl
LNL0000164,9612C715D5011F66,2026-01-30,150.14,EFT,RETURNED,lnl
LNL0000164,3DDA54DDA6276114,2025-12-31,150.14,CHECK,PAID,lnl
LNL0000165,0AF19B8239867605,2026-03-01,334.23,CHECK,RETURNED,lnl
LNL0000165,3D6D21703D18D7EC,2026-01-30,334.23,CHECK,PAID,lnl
LNL0000165,5AA2BE34AE53D2D9,2025-12-31,334.23,EFT,PAID,lnl
LNL0000166,B39ED4E18DF646C2,2026-03-01,270.96,EFT,PAID,lnl
LNL0000166,0B522F724D50092D,2026-01-30,270.96,EFT,PAID,lnl
LNL0000166,2D02C4BAD433CC19,2025-12-31,270.96,CHECK,PAID,lnl
LNL0000167,2A3EC9F80D237CAE,2026-03-01,792.12,CREDIT_CARD,PAID,lnl
LNL0000167,209BC09D46756A91,2026-01-30,792.12,CHECK,PAID,lnl
LNL0000167,F4C81E5EAF5180F5,2025-12-31,792.12,EFT,PENDING,lnl
LNL0000168,8E95F7A487663C4E,2026-03-01,182.92,EFT,PAID,lnl
LNL0000168,B103D527C0494F33,2026-01-30,182.92,CREDIT_CARD,PENDING,lnl
LNL0000168,4717EF4954A874B8,2025-12-31,182.92,CREDIT_CARD,PENDING,lnl
LNL0000169,3925A1559A3908BC,2026-03-01,261.00,CREDIT_CARD,PAID,lnl
LNL0000169,D15D23B4BE84F085,2026-01-30,261.00,CHECK,PENDING,lnl
LNL0000169,0CFD6EA29BC6956A,2025-12-31,261.00,EFT,PAID,lnl
LNL0000170,CB24F56AF63DA3CB,2026-03-01,1125.36,CHECK,PAID,lnl
LNL0000170,1DFE6EF194FEB46F,2026-01-30,1125.36,CHECK,PAID,lnl
LNL0000170,BF8E36EA86FA1DD1,2025-12-31,1125.36,EFT,PENDING,lnl
LNL0000171,A6981C16999DA02E,2026-03-01,1754.15,CREDIT_CARD,RETURNED,lnl
LNL0000171,0F5D27C193541691,2026-01-30,1754.15,CHECK,PAID,lnl
LNL0000171,B3B2BA7733D038C9,2025-12-31,1754.15,CREDIT_CARD,RETURNED,lnl
LNL0000172,BAFD11000654991B,2026-03-01,147.74,CHECK,PAID,lnl
LNL0000172,6F0B1E7E24CAD8C8,2026-01-30,147.74,EFT,PAID,lnl
LNL0000172,687A9149436E9EE7,2025-12-31,147.74,EFT,PAID,lnl
LNL0000173,349A8B2A19DDD4F2,2026-03-01,437.82,CREDIT_CARD,PENDING,lnl
LNL0000173,52B39C3F7CF75835,2026-01-30,437.82,CREDIT_CARD,RETURNED,lnl
LNL0000173,E4451CAAF00EB72E,2025-12-31,437.82,CREDIT_CARD,PAID,lnl
LNL0000174,4593A155FB7CC308,2026-03-01,69.40,CHECK,PAID,lnl
LNL0000174,996B824AB7221C46,2026-01-30,69.40,EFT,PENDING,lnl
LNL0000174,53F1D6EAE68D79DE,2025-12-31,69.40,EFT,PAID,lnl
LNL0000175,9C70AC9D4A07A7B6,2026-03-01,1286.46,CHECK,PAID,lnl
LNL0000175,A608AF62332E27B1,2026-01-30,1286.46,EFT,PAID,lnl
LNL0000175,1ECA3308E41F56C7,2025-12-31,1286.46,CREDIT_CARD,PAID,lnl
LNL0000176,10E6FDF216ED2163,2026-03-01,2425.17,EFT,PAID,lnl
LNL0000176,AA7114BED76E5D0C,2026-01-30,2425.17,CHECK,PAID,lnl
LNL0000176,BEC999E44D320F47,2025-12-31,2425.17,EFT,PAID,lnl
LNL0000177,1B6C9E6E75AEBC15,2026-03-01,701.56,EFT,PAID,lnl
LNL0000177,8605B01F7ADFC5B7,2026-01-30,701.56,CREDIT_CARD,PAID,lnl
LNL0000177,6ECD15FB4653E850,2025-12-31,701.56,CHECK,PAID,lnl
LNL0000178,57F79A8C0CCE351A,2026-03-01,1585.34,EFT,PAID,lnl
LNL0000178,F793E4667EC511DD,2026-01-30,1585.34,CREDIT_CARD,PENDING,lnl
LNL0000178,0254FAD6F54F5858,2025-12-31,1585.34,EFT,RETURNED,lnl
LNL0000179,EDF9BB8DD7AE34EC,2026-03-01,163.45,CREDIT_CARD,RETURNED,lnl
LNL0000179,8DDFFB7008A4B8AB,2026-01-30,163.45,CREDIT_CARD,PAID,lnl
LNL0000179,8C821B88B86D6621,2025-12-31,163.45,CREDIT_CARD,PAID,lnl
LNL0000180,9581BE5DFCEF4FAA,2026-03-01,260.78,CHECK,RETURNED,lnl
LNL0000180,72240A02E8565EAB,2026-01-30,260.78,EFT,PENDING,lnl
LNL0000180,1A9B4FD102FEF57A,2025-12-31,260.78,CHECK,PAID,lnl
LNL0000181,51F86A17CD872EB6,2026-03-01,163.48,CHECK,PAID,lnl
LNL0000181,96B4EBDAC394EA68,2026-01-30,163.48,CHECK,PAID,lnl
LNL0000181,058C57BF9A5D5689,2025-12-31,163.48,CHECK,PENDING,lnl
LNL0000182,83DE6B5FBE99EEBF,2026-03-01,3826.59,EFT,PAID,lnl
LNL0000182,53CEAD5FC101A555,2026-01-30,3826.59,EFT,PENDING,lnl
LNL0000182,01AFD31B388AF67F,2025-12-31,3826.59,CHECK,RETURNED,lnl
LNL0000183,64D3A389D70BF216,2026-03-01,324.91,EFT,PENDING,lnl
LNL0000183,505C18AD88B274D4,2026-01-30,324.91,CREDIT_CARD,PAID,lnl
LNL0000183,91054B89C29CBB10,2025-12-31,324.91,CREDIT_CARD,RETURNED,lnl
LNL0000184,82B5C52A4F548596,2026-03-01,294.95,CHECK,PAID,lnl
LNL0000184,696724B4ED7BCCBD,2026-01-30,294.95,EFT,PAID,lnl
LNL0000184,F68786BAC117B0F5,2025-12-31,294.95,EFT,PAID,lnl
LNL0000185,8A376F0D3F78E072,2026-03-01,568.60,EFT,PAID,lnl
LNL0000185,B34110E90E105D0B,2026-01-30,568.60,EFT,PAID,lnl
LNL0000185,87EB05A1697DD0D9,2025-12-31,568.60,CREDIT_CARD,PAID,lnl
LNL0000186,EE4FE52B6BCEAD2E,2026-03-01,841.29,CREDIT_CARD,PAID,lnl
LNL0000186,BE0236D4D29EAD2C,2026-01-30,841.29,CREDIT_CARD,PENDING,lnl
LNL0000186,286B9BA6382FC541,2025-12-31,841.29,CREDIT_CARD,PENDING,lnl
LNL0000187,C6770E4F9200A794,2026-03-01,196.44,CREDIT_CARD,PAID,lnl
LNL0000187,2D657D22E3F76FE0,2026-01-30,196.44,CHECK,PAID,lnl
LNL0000187,FF1550619B286E5C,2025-12-31,196.44,CREDIT_CARD,PAID,lnl
LNL0000188,D7C2303E0EABAD94,2026-03-01,270.94,CHECK,PAID,lnl
LNL0000188,8ED62750432B4452,2026-01-30,270.94,CHECK,PAID,lnl
LNL0000188,B897658B2EAD8D3E,2025-12-31,270.94,CREDIT_CARD,PAID,lnl
LNL0000189,C797DF32B1FDC602,2026-03-01,185.97,CREDIT_CARD,PAID,lnl
LNL0000189,430A3266A4573E1F,2026-01-30,185.97,EFT,PENDING,lnl
LNL0000189,2E662F95AC99414F,2025-12-31,185.97,CREDIT_CARD,PENDING,lnl
LNL0000190,F6D7BE8B69F82117,2026-03-01,121.44,CREDIT_CARD,PAID,lnl
LNL0000190,468DD1BA56B25AB7,2026-01-30,121.44,EFT,PAID,lnl
LNL0000190,F3D57681AB5239B2,2025-12-31,121.44,CHECK,PAID,lnl
LNL0000191,9901E69C7B60BF74,2026-03-01,1065.13,EFT,PENDING,lnl
LNL0000191,A444730118AEE84D,2026-01-30,1065.13,CHECK,PAID,lnl
LNL0000191,1DED9604B4C9E785,2025-12-31,1065.13,CHECK,PAID,lnl
LNL0000192,86A8E49971220B88,2026-03-01,833.32,EFT,RETURNED,lnl
LNL0000192,A6B28E49E5681A07,2026-01-30,833.32,CREDIT_CARD,PAID,lnl
LNL0000192,7DC865587FFCC5C4,2025-12-31,833.32,CHECK,PAID,lnl
LNL0000193,A90F69CBEA32276F,2026-03-01,1313.54,CHECK,PAID,lnl
LNL0000193,E3B2EB4F523873FE,2026-01-30,1313.54,CREDIT_CARD,RETURNED,lnl
LNL0000193,A972EA8584FF6219,2025-12-31,1313.54,CHECK,RETURNED,lnl
LNL0000194,45C1C043E4549976,2026-03-01,327.79,CHECK,PAID,lnl
LNL0000194,77D207052D03BCFF,2026-01-30,327.79,CHECK,PAID,lnl
LNL0000194,EDF8FCDA21A70AA6,2025-12-31,327.79,EFT,PENDING,lnl
LNL0000195,8A6C719ED02C484B,2026-03-01,180.62,EFT,PENDING,lnl
LNL0000195,5C5869C743A0AEC1,2026-01-30,180.62,CHECK,PENDING,lnl
LNL0000195,F7739CD2739FABA7,2025-12-31,180.62,EFT,RETURNED,lnl
LNL0000196,9E65C84B45650921,2026-03-01,1746.12,EFT,PAID,lnl
LNL0000196,29AF7A78BD24ED0A,2026-01-30,1746.12,CHECK,PENDING,lnl
LNL0000196,817967C1BEF44539,2025-12-31,1746.12,CREDIT_CARD,RETURNED,lnl
LNL0000197,928F9EB46C217D1B,2026-03-01,264.09,CREDIT_CARD,PAID,lnl
LNL0000197,2441B13F24397C66,2026-01-30,264.09,CHECK,PENDING,lnl
LNL0000197,F91B0BDC6360D24C,2025-12-31,264.09,CREDIT_CARD,PAID,lnl
LNL0000198,3B9460E0F33897AF,2026-03-01,1098.53,EFT,PAID,lnl
LNL0000198,EE4D6DE2D3910BDC,2026-01-30,1098.53,EFT,PAID,lnl
LNL0000198,4BDBF740B53DB6D3,2025-12-31,1098.53,CREDIT_CARD,PAID,lnl
LNL0000199,EDA3A202E4B9C402,2026-03-01,3179.86,CHECK,PENDING,lnl
LNL0000199,5E5361D2BC020504,2026-01-30,3179.86,CREDIT_CARD,RETURNED,lnl
LNL0000199,EAC63761772DF8DF,2025-12-31,3179.86,CHECK,PENDING,lnl
LNL0000200,A7A6222A6CA9B5C8,2026-03-01,128.62,CREDIT_CARD,PAID,lnl
LNL0000200,37326E17A5B61139,2026-01-30,128.62,CREDIT_CARD,PAID,lnl
LNL0000200,3116D351DF3DE4D1,2025-12-31,128.62,EFT,PAID,lnl
LNL0000201,1FEE393D795C2538,2026-03-01,88.42,CHECK,PENDING,lnl
LNL0000201,7E466028332D86CA,2026-01-30,88.42,EFT,RETURNED,lnl
LNL0000201,8DA8675C4BBCDF95,2025-12-31,88.42,CHECK,RETURNED,lnl
LNL0000202,7E137BD6C4E5D15D,2026-03-01,157.78,CHECK,PENDING,lnl
LNL0000202,CEEF8786F1DAA173,2026-01-30,157.78,EFT,PAID,lnl
LNL0000202,29D4CEDFCC894F23,2025-12-31,157.78,CREDIT_CARD,RETURNED,lnl
LNL0000203,1F615ED8927C31BE,2026-03-01,122.70,EFT,PAID,lnl
LNL0000203,A0B445CE572982E6,2026-01-30,122.70,CREDIT_CARD,PENDING,lnl
LNL0000203,410522517904F8AB,2025-12-31,122.70,CREDIT_CARD,PENDING,lnl
LNL0000204,787FF7153C4743C5,2026-03-01,3125.09,EFT,RETURNED,lnl
LNL0000204,F5641768398B7A13,2026-01-30,3125.09,EFT,RETURNED,lnl
LNL0000204,C8D37D201D8875CD,2025-12-31,3125.09,CREDIT_CARD,RETURNED,lnl
LNL0000205,4E6FCFE2E589EAB1,2026-03-01,176.05,CHECK,PAID,lnl
LNL0000205,54DCB134E283193F,2026-01-30,176.05,CREDIT_CARD,PENDING,lnl
LNL0000205,074C220862A6910A,2025-12-31,176.05,CHECK,PAID,lnl
LNL0000206,A7955EAF36497A31,2026-03-01,894.70,EFT,RETURNED,lnl
LNL0000206,56E1B49B8365317C,2026-01-30,894.70,CHECK,PAID,lnl
LNL0000206,1B8BF41EBD292C55,2025-12-31,894.70,EFT,PENDING,lnl
LNL0000207,49DB3EC2A96F0553,2026-03-01,351.07,CHECK,PAID,lnl
LNL0000207,8423136E74F8071C,2026-01-30,351.07,CHECK,PENDING,lnl
LNL0000207,583C762A8CB5FD05,2025-12-31,351.07,CHECK,PAID,lnl
LNL0000208,DC6B1FB07CEF35C6,2026-03-01,432.71,CHECK,RETURNED,lnl
LNL0000208,06275E3C1E4FE6F8,2026-01-30,432.71,EFT,RETURNED,lnl
LNL0000208,A8B6B41159D6CC1E,2025-12-31,432.71,CHECK,PAID,lnl
LNL0000209,52C195AE226EC5E4,2026-03-01,192.84,EFT,PAID,lnl
LNL0000209,E392BB2A1DD332E0,2026-01-30,192.84,EFT,PAID,lnl
LNL0000209,090E1ACEF17F4C69,2025-12-31,192.84,CHECK,PAID,lnl
LNL0000210,2C14850936198654,2026-03-01,2369.23,CHECK,PAID,lnl
LNL0000210,F1DC3EF7F2B010DA,2026-01-30,2369.23,EFT,PAID,lnl
LNL0000210,F3DB081B468EB646,2025-12-31,2369.23,CHECK,PENDING,lnl
LNL0000211,FACA9AF0180E01ED,2026-03-01,227.53,CREDIT_CARD,PAID,lnl
LNL0000211,F28B9E4575F38072,2026-01-30,227.53,CREDIT_CARD,PAID,lnl
LNL0000211,ECB4954C19017277,2025-12-31,227.53,CHECK,PAID,lnl
LNL0000212,B6F60C5A615C3EF3,2026-03-01,492.10,CHECK,PAID,lnl
LNL0000212,29E013B85C768669,2026-01-30,492.10,CREDIT_CARD,PENDING,lnl
LNL0000212,C0E7233523762635,2025-12-31,492.10,CHECK,RETURNED,lnl
LNL0000213,67DB18AE6A585D9A,2026-03-01,1410.46,CREDIT_CARD,PAID,lnl
LNL0000213,8EAB8991262BC95D,2026-01-30,1410.46,CHECK,RETURNED,lnl
LNL0000213,712E4012926566E0,2025-12-31,1410.46,CHECK,PAID,lnl
LNL0000214,BB4E5B4C4D628DC3,2026-03-01,258.94,CREDIT_CARD,PAID,lnl
LNL0000214,0979D6EF0A7BECCE,2026-01-30,258.94,CREDIT_CARD,RETURNED,lnl
LNL0000214,E133B4B039AFE7B1,2025-12-31,258.94,CREDIT_CARD,RETURNED,lnl
LNL0000215,EA7F07FA395D13F2,2026-03-01,691.80,CHECK,PAID,lnl
LNL0000215,B7CA1B1C4C8F18EC,2026-01-30,691.80,EFT,RETURNED,lnl
LNL0000215,1AE61AC6C8C1DE19,2025-12-31,691.80,CHECK,RETURNED,lnl
LNL0000216,06A04D88DFAA48DD,2026-03-01,805.90,CHECK,RETURNED,lnl
LNL0000216,8CDA2BBF9DE1023E,2026-01-30,805.90,CHECK,PAID,lnl
LNL0000216,86C0F806A5950BD0,2025-12-31,805.90,EFT,PAID,lnl
LNL0000217,073FC3AD4A6F552B,2026-03-01,2644.98,CREDIT_CARD,PAID,lnl
LNL0000217,91B654BF2CEA6B6F,2026-01-30,2644.98,CREDIT_CARD,PAID,lnl
LNL0000217,DC35E738058D2E48,2025-12-31,2644.98,CREDIT_CARD,PAID,lnl
LNL0000218,3AEDD3C5A0A0F188,2026-03-01,168.14,CREDIT_CARD,PAID,lnl
LNL0000218,32A885944D6C5077,2026-01-30,168.14,CHECK,RETURNED,lnl
LNL0000218,A8DA1FC6275DE89B,2025-12-31,168.14,CREDIT_CARD,PAID,lnl
LNL0000219,58CC403FD8AA76CF,2026-03-01,976.56,CHECK,PAID,lnl
LNL0000219,B305795E8A4387F6,2026-01-30,976.56,CREDIT_CARD,RETURNED,lnl
LNL0000219,C998062EC2C735C5,2025-12-31,976.56,EFT,PAID,lnl
LNL0000220,2A58D7E7D11348D0,2026-03-01,566.26,CHECK,PAID,lnl
LNL0000220,4763841A79880C07,2026-01-30,566.26,CHECK,PAID,lnl
LNL0000220,8F3D90E7DB6D5074,2025-12-31,566.26,CHECK,PENDING,lnl
LNL0000221,6EEA120D084BFF95,2026-03-01,435.06,CHECK,RETURNED,lnl
LNL0000221,EEF64EE6A0D3306A,2026-01-30,435.06,CHECK,RETURNED,lnl
LNL0000221,3F3D130909EC8771,2025-12-31,435.06,CREDIT_CARD,PAID,lnl
LNL0000222,F4B374A44EF26B08,2026-03-01,171.98,CHECK,PAID,lnl
LNL0000222,CB0996A951FE3043,2026-01-30,171.98,EFT,PAID,lnl
LNL0000222,BCB477DAC1F22E73,2025-12-31,171.98,EFT,PAID,lnl
LNL0000223,906C661568198DC2,2026-03-01,1159.93,EFT,RETURNED,lnl
LNL0000223,97C28733184A0C7E,2026-01-30,1159.93,CHECK,PAID,lnl
LNL0000223,569C6EF79F9E6F05,2025-12-31,1159.93,CREDIT_CARD,RETURNED,lnl
LNL0000224,726DCCB2976D0E48,2026-03-01,1551.03,CREDIT_CARD,PENDING,lnl
LNL0000224,EB6A1C558961898A,2026-01-30,1551.03,EFT,PAID,lnl
LNL0000224,EDF48EF19DB10A45,2025-12-31,1551.03,CREDIT_CARD,RETURNED,lnl
LNL0000225,928622141DF4B059,2026-03-01,353.16,EFT,PAID,lnl
LNL0000225,016EC2F6F2DE65AA,2026-01-30,353.16,EFT,RETURNED,lnl
LNL0000225,02672407611402F5,2025-12-31,353.16,CREDIT_CARD,PAID,lnl
LNL0000226,FE5F0B992FF5D5B1,2026-03-01,155.47,EFT,PAID,lnl
LNL0000226,65216D7AC4B7FA47,2026-01-30,155.47,CHECK,PAID,lnl
LNL0000226,D5207863CCDF96DB,2025-12-31,155.47,EFT,PENDING,lnl
LNL0000227,7110FDC745F29D05,2026-03-01,175.59,CREDIT_CARD,RETURNED,lnl
LNL0000227,30A742E025C9CDDF,2026-01-30,175.59,EFT,RETURNED,lnl
LNL0000227,152C7F0A88A9CF8F,2025-12-31,175.59,CREDIT_CARD,RETURNED,lnl
LNL0000228,A95770B1097C7BDA,2026-03-01,3166.22,CREDIT_CARD,PAID,lnl
LNL0000228,CC0B1570825AE5A5,2026-01-30,3166.22,CREDIT_CARD,PAID,lnl
LNL0000228,E6160E79573EF95D,2025-12-31,3166.22,CREDIT_CARD,PAID,lnl
LNL0000229,DD11473BF391F800,2026-03-01,1270.98,EFT,PENDING,lnl
LNL0000229,A236D4D45F04FCB1,2026-01-30,1270.98,CREDIT_CARD,PAID,lnl
LNL0000229,A47B04325361600C,2025-12-31,1270.98,CREDIT_CARD,PAID,lnl
LNL0000230,C21A9D194065715D,2026-03-01,3279.33,CHECK,PAID,lnl
LNL0000230,51923E4BA6DAAFA9,2026-01-30,3279.33,CHECK,PAID,lnl
LNL0000230,F873137CFF2A677A,2025-12-31,3279.33,EFT,PAID,lnl
LNL0000231,0676802569515C7D,2026-03-01,2001.48,EFT,RETURNED,lnl
LNL0000231,410FAF285D237CE5,2026-01-30,2001.48,EFT,PAID,lnl
LNL0000231,4766672C9A9E90BA,2025-12-31,2001.48,EFT,PENDING,lnl
LNL0000232,49007984F6245CB1,2026-03-01,3904.64,CREDIT_CARD,PAID,lnl
LNL0000232,31C30E627C97168B,2026-01-30,3904.64,EFT,PENDING,lnl
LNL0000232,30D65B47A065FFA8,2025-12-31,3904.64,CREDIT_CARD,PAID,lnl
LNL0000233,64C5C1B9EBC13052,2026-03-01,181.04,EFT,PENDING,lnl
LNL0000233,BC6D2ACAD90FD346,2026-01-30,181.04,CHECK,RETURNED,lnl
LNL0000233,8E971102E544EA65,2025-12-31,181.04,CREDIT_CARD,PAID,lnl
LNL0000234,7B39E8805D9D9728,2026-03-01,1714.04,EFT,RETURNED,lnl
LNL0000234,42E4C6D57D209EF9,2026-01-30,1714.04,CREDIT_CARD,PAID,lnl
LNL0000234,AF49553520459B18,2025-12-31,1714.04,CHECK,PAID,lnl
LNL0000235,3E25C187414C4965,2026-03-01,570.31,CREDIT_CARD,PAID,lnl
LNL0000235,A759C3C07CE472D8,2026-01-30,570.31,EFT,PENDING,lnl
LNL0000235,24AA0362810A4CA7,2025-12-31,570.31,CHECK,RETURNED,lnl
LNL0000236,3D936D949D725BEA,2026-03-01,649.12,CHECK,PAID,lnl
LNL0000236,FDFF8B90F0222E63,2026-01-30,649.12,EFT,PAID,lnl
LNL0000236,47E5C3BD617C733D,2025-12-31,649.12,CREDIT_CARD,PAID,lnl
LNL0000237,C03A56F42595EC18,2026-03-01,1099.78,EFT,PAID,lnl
LNL0000237,9154432356DDC835,2026-01-30,1099.78,EFT,RETURNED,lnl
LNL0000237,F4E96CB97940FA9C,2025-12-31,1099.78,CHECK,PAID,lnl
LNL0000238,BD5EC384C539FD4E,2026-03-01,80.13,EFT,PAID,lnl
LNL0000238,37F87EDF29085A89,2026-01-30,80.13,CREDIT_CARD,RETURNED,lnl
LNL0000238,D1EF2D0AA6664335,2025-12-31,80.13,CHECK,PAID,lnl
LNL0000239,DE6950EFE28D8115,2026-03-01,1492.85,CHECK,PENDING,lnl
LNL0000239,51D64686069BA43D,2026-01-30,1492.85,EFT,PAID,lnl
LNL0000239,C59C2A0C29E3A925,2025-12-31,1492.85,CHECK,PENDING,lnl
LNL0000240,9F491275D6B82577,2026-03-01,4696.03,EFT,PENDING,lnl
LNL0000240,B44957327D628CF7,2026-01-30,4696.03,CHECK,PAID,lnl
LNL0000240,4BFF39A2A1E5F650,2025-12-31,4696.03,CREDIT_CARD,RETURNED,lnl
LNL0000241,48171EA25F0E636F,2026-03-01,61.89,EFT,PAID,lnl
LNL0000241,5AEF09228C516DF6,2026-01-30,61.89,CHECK,PAID,lnl
LNL0000241,44D022E709759C4A,2025-12-31,61.89,CHECK,PENDING,lnl
LNL0000242,A27ABC53F84AC5DA,2026-03-01,1589.39,CREDIT_CARD,PAID,lnl
LNL0000242,CE3683CB9D717D9A,2026-01-30,1589.39,CHECK,PAID,lnl
LNL0000242,2B20C5FA83FEF919,2025-12-31,1589.39,CREDIT_CARD,RETURNED,lnl
LNL0000243,7DACB9C2817C0990,2026-03-01,1211.85,CHECK,PAID,lnl
LNL0000243,B72EC72BB04AA27B,2026-01-30,1211.85,EFT,PAID,lnl
LNL0000243,FFF6CDB7DDB3A149,2025-12-31,1211.85,CHECK,PENDING,lnl
LNL0000244,F2FB09165812748D,2026-03-01,1959.61,CHECK,RETURNED,lnl
LNL0000244,1795EB0ABE50681F,2026-01-30,1959.61,CHECK,PENDING,lnl
LNL0000244,927178FAB9FA2634,2025-12-31,1959.61,CHECK,PAID,lnl
LNL0000245,57F0762EF8359AC9,2026-03-01,45.45,EFT,PAID,lnl
LNL0000245,94D339DED2D766E5,2026-01-30,45.45,CHECK,PAID,lnl
LNL0000245,B7BFD4F67E9DB518,2025-12-31,45.45,EFT,PAID,lnl
LNL0000246,26B04E97EC1F1B4E,2026-03-01,210.94,CHECK,PAID,lnl
LNL0000246,070A389AC9FF4C2F,2026-01-30,210.94,CREDIT_CARD,PAID,lnl
LNL0000246,8C40112D1FA3AF8F,2025-12-31,210.94,CREDIT_CARD,PAID,lnl
LNL0000247,C09D91EC40260F42,2026-03-01,2930.41,EFT,PAID,lnl
LNL0000247,F9C7FA5D46FB7CE2,2026-01-30,2930.41,CREDIT_CARD,RETURNED,lnl
LNL0000247,677EE9FEA289C7A3,2025-12-31,2930.41,EFT,PAID,lnl
LNL0000248,2070204884B6E072,2026-03-01,1138.93,CHECK,PAID,lnl
LNL0000248,D5CD255A6E9D30A7,2026-01-30,1138.93,EFT,PENDING,lnl
LNL0000248,E9621FB9B16EA332,2025-12-31,1138.93,CHECK,PAID,lnl
LNL0000249,1DDF82C8DE0E8F53,2026-03-01,129.35,CREDIT_CARD,PAID,lnl
LNL0000249,80301F99F0AB5095,2026-01-30,129.35,CREDIT_CARD,PAID,lnl
LNL0000249,7196DDFC057BB40C,2025-12-31,129.35,CHECK,PAID,lnl
LNL0000250,45B30573ADAFEB92,2026-03-01,2574.59,EFT,RETURNED,lnl
LNL0000250,706528AB0FEC4C26,2026-01-30,2574.59,CHECK,RETURNED,lnl
LNL0000250,FA498127B54BEF4D,2025-12-31,2574.59,CHECK,PAID,lnl
LNL0000251,6CB625FDF1A4C0F6,2026-03-01,1631.51,CREDIT_CARD,PENDING,lnl
LNL0000251,8B53DA3A86DFB9B2,2026-01-30,1631.51,CREDIT_CARD,RETURNED,lnl
LNL0000251,521DC6AFA9E9CA02,2025-12-31,1631.51,CREDIT_CARD,PAID,lnl
LNL0000252,4423D307F1356DB7,2026-03-01,336.09,CHECK,PAID,lnl
LNL0000252,B50B4F1E341366A9,2026-01-30,336.09,CHECK,PAID,lnl
LNL0000252,329443C7F5E42ABA,2025-12-31,336.09,CHECK,RETURNED,lnl
LNL0000253,64E0BA5AE4BBF147,2026-03-01,499.55,CREDIT_CARD,PAID,lnl
LNL0000253,101BF59FFB85C33B,2026-01-30,499.55,EFT,RETURNED,lnl
LNL0000253,DCC8AD04A8106941,2025-12-31,499.55,EFT,PAID,lnl
LNL0000254,9273E0244BF19284,2026-03-01,102.71,CHECK,PENDING,lnl
LNL0000254,AA885D289187BB8B,2026-01-30,102.71,EFT,PAID,lnl
LNL0000254,2F1B69FF6384758C,2025-12-31,102.71,CREDIT_CARD,PAID,lnl
LNL0000255,B9039911B132E2AA,2026-03-01,348.71,CHECK,PENDING,lnl
LNL0000255,86C8829652DB1865,2026-01-30,348.71,EFT,RETURNED,lnl
LNL0000255,707F6AB41E542293,2025-12-31,348.71,EFT,PAID,lnl
LNL0000256,38C84E21173E9631,2026-03-01,774.58,CREDIT_CARD,RETURNED,lnl
LNL0000256,3F082D08CEAD1D4D,2026-01-30,774.58,CHECK,RETURNED,lnl
LNL0000256,7BD73D380DB245CB,2025-12-31,774.58,CHECK,PAID,lnl
LNL0000257,EFF60F9250C6438D,2026-03-01,374.26,CREDIT_CARD,RETURNED,lnl
LNL0000257,47B0C38661A1DBD4,2026-01-30,374.26,EFT,PENDING,lnl
LNL0000257,ADCC37779FF03BB6,2025-12-31,374.26,CREDIT_CARD,PAID,lnl
LNL0000258,3E83E0E86153466F,2026-03-01,265.93,CREDIT_CARD,PAID,lnl
LNL0000258,0C135D6388FA1516,2026-01-30,265.93,CREDIT_CARD,PAID,lnl
LNL0000258,3349B70A0822CC0D,2025-12-31,265.93,CHECK,RETURNED,lnl
LNL0000259,F8CA9FB2467EBF86,2026-03-01,398.00,CREDIT_CARD,PAID,lnl
LNL0000259,F090AB323C507E01,2026-01-30,398.00,CREDIT_CARD,PENDING,lnl
LNL0000259,DFD4AEC5A66D5BE1,2025-12-31,398.00,EFT,PENDING,lnl
LNL0000260,8ECAECABF37231D9,2026-03-01,1518.91,EFT,RETURNED,lnl
LNL0000260,5DD4654CF53EBDF1,2026-01-30,1518.91,CREDIT_CARD,PENDING,lnl
LNL0000260,78BC242A053332DE,2025-12-31,1518.91,EFT,PENDING,lnl
LNL0000261,3881558B3F62B74F,2026-03-01,55.74,EFT,PAID,lnl
LNL0000261,AA2B97705C95411A,2026-01-30,55.74,CREDIT_CARD,PENDING,lnl
LNL0000261,D04BA895AB14D858,2025-12-31,55.74,CHECK,RETURNED,lnl
LNL0000262,3131644CB58904F4,2026-03-01,1532.45,CREDIT_CARD,RETURNED,lnl
LNL0000262,7E86925EE3944D6D,2026-01-30,1532.45,EFT,RETURNED,lnl
LNL0000262,1C4407472C9B3FFD,2025-12-31,1532.45,EFT,PAID,lnl
LNL0000263,B01D823644CDF7D7,2026-03-01,573.74,CREDIT_CARD,PENDING,lnl
LNL0000263,FABDCD3391236343,2026-01-30,573.74,EFT,RETURNED,lnl
LNL0000263,F68163F9EBEC03DB,2025-12-31,573.74,EFT,RETURNED,lnl
LNL0000264,FA488DCFD776F85F,2026-03-01,1143.73,CHECK,PAID,lnl
LNL0000264,AC92AB2E394C95C7,2026-01-30,1143.73,EFT,PAID,lnl
LNL0000264,7262ED5CB04E5EB7,2025-12-31,1143.73,CREDIT_CARD,RETURNED,lnl
LNL0000265,4C9A6AFA8BD01F2C,2026-03-01,545.68,CREDIT_CARD,RETURNED,lnl
LNL0000265,B2F58AEAAA3F72E0,2026-01-30,545.68,CREDIT_CARD,PENDING,lnl
LNL0000265,0EF68F17EBC74C7B,2025-12-31,545.68,CHECK,PENDING,lnl
LNL0000266,872942860984D431,2026-03-01,647.51,EFT,PAID,lnl
LNL0000266,1981707B77CDAF21,2026-01-30,647.51,EFT,PAID,lnl
LNL0000266,AACC94104ACF97B0,2025-12-31,647.51,CREDIT_CARD,PENDING,lnl
LNL0000267,7A2F318D8D619C07,2026-03-01,1379.05,CREDIT_CARD,PENDING,lnl
LNL0000267,1D3961F05E64A02A,2026-01-30,1379.05,EFT,PENDING,lnl
LNL0000267,F73228BF677480CF,2025-12-31,1379.05,CREDIT_CARD,PAID,lnl
LNL0000268,445D85C885AD2626,2026-03-01,280.16,EFT,PENDING,lnl
LNL0000268,B011D8F2DCEA446C,2026-01-30,280.16,CHECK,PAID,lnl
LNL0000268,75AA48B3127DCE5B,2025-12-31,280.16,CREDIT_CARD,PAID,lnl
LNL0000269,79FF092094558FC2,2026-03-01,2128.31,CREDIT_CARD,PAID,lnl
LNL0000269,74D4F110EB1B7C2B,2026-01-30,2128.31,CREDIT_CARD,PENDING,lnl
LNL0000269,A242672389575D07,2025-12-31,2128.31,CREDIT_CARD,PENDING,lnl
LNL0000270,3142638DD668321F,2026-03-01,96.48,CREDIT_CARD,PAID,lnl
LNL0000270,0D309C8D368343F8,2026-01-30,96.48,CHECK,PAID,lnl
LNL0000270,040CF0FF2C74D114,2025-12-31,96.48,EFT,PENDING,lnl
LNL0000271,542103C7E2AB78DB,2026-03-01,124.33,EFT,PAID,lnl
LNL0000271,2923EC7072780829,2026-01-30,124.33,CHECK,PENDING,lnl
LNL0000271,4305C60B923FE926,2025-12-31,124.33,CHECK,RETURNED,lnl
LNL0000272,3B7A20AA81F101D7,2026-03-01,1229.58,CHECK,PAID,lnl
LNL0000272,FA1A2BE36FE05AB7,2026-01-30,1229.58,CHECK,RETURNED,lnl
LNL0000272,AD572391F7ED4217,2025-12-31,1229.58,EFT,PAID,lnl
LNL0000273,2C582DF44319F5F1,2026-03-01,238.07,CREDIT_CARD,PENDING,lnl
LNL0000273,7CB55972E563BA10,2026-01-30,238.07,CHECK,RETURNED,lnl
LNL0000273,E02B78E1268305C7,2025-12-31,238.07,EFT,RETURNED,lnl
LNL0000274,4BEFDA467D89BAA9,2026-03-01,1831.00,CREDIT_CARD,PENDING,lnl
LNL0000274,4DDA7DB59914647D,2026-01-30,1831.00,CREDIT_CARD,RETURNED,lnl
LNL0000274,070DA5860729E761,2025-12-31,1831.00,EFT,PAID,lnl
LNL0000275,9B7602A52C90F70B,2026-03-01,326.24,EFT,PAID,lnl
LNL0000275,0341E9A3276D152C,2026-01-30,326.24,CHECK,PAID,lnl
LNL0000275,ED4688F039F3F001,2025-12-31,326.24,CREDIT_CARD,PAID,lnl
LNL0000276,3BF8D2FA37024FCB,2026-03-01,547.06,CHECK,RETURNED,lnl
LNL0000276,749B8709C001EE63,2026-01-30,547.06,CREDIT_CARD,PAID,lnl
LNL0000276,CB8FFE2664971EEB,2025-12-31,547.06,CREDIT_CARD,PAID,lnl
LNL0000277,83AD605B7AC8715F,2026-03-01,793.67,CREDIT_CARD,PENDING,lnl
LNL0000277,C085861241B234AD,2026-01-30,793.67,CREDIT_CARD,RETURNED,lnl
LNL0000277,4446608E9369BB8C,2025-12-31,793.67,CREDIT_CARD,RETURNED,lnl
LNL0000278,C23BCDB250CF7812,2026-03-01,108.17,CREDIT_CARD,RETURNED,lnl
LNL0000278,CE9C876AFF22CC79,2026-01-30,108.17,CHECK,PENDING,lnl
LNL0000278,F1900BB1EC0DAA49,2025-12-31,108.17,EFT,PAID,lnl
LNL0000279,A003CAC3E6E233CB,2026-03-01,392.84,CREDIT_CARD,PAID,lnl
LNL0000279,EC3B218410D8D11C,2026-01-30,392.84,CHECK,RETURNED,lnl
LNL0000279,317051D4E3688642,2025-12-31,392.84,CREDIT_CARD,PENDING,lnl
LNL0000280,0B6BC74C3F2674B1,2026-03-01,3334.37,CHECK,PAID,lnl
LNL0000280,980C26A5917E4E83,2026-01-30,3334.37,CHECK,PAID,lnl
LNL0000280,D9E4216CE33CA7F5,2025-12-31,3334.37,CREDIT_CARD,PAID,lnl
LNL0000281,3DE6081F2314773C,2026-03-01,1333.71,CREDIT_CARD,PENDING,lnl
LNL0000281,CD2771AB15F647EC,2026-01-30,1333.71,CREDIT_CARD,RETURNED,lnl
LNL0000281,59BEE255CE67B966,2025-12-31,1333.71,CHECK,PENDING,lnl
LNL0000282,170B248DCA26B943,2026-03-01,297.11,CREDIT_CARD,PAID,lnl
LNL0000282,1CA41E7E8902BE31,2026-01-30,297.11,EFT,PAID,lnl
LNL0000282,1CC9BEAD396E4935,2025-12-31,297.11,EFT,PAID,lnl
LNL0000283,EBCF55031947EA2A,2026-03-01,720.01,CHECK,PAID,lnl
LNL0000283,870142DCF84574A8,2026-01-30,720.01,EFT,PENDING,lnl
LNL0000283,9B629909BE239301,2025-12-31,720.01,EFT,PAID,lnl
LNL0000284,F8F4DD38800027EF,2026-03-01,3093.58,EFT,PENDING,lnl
LNL0000284,E0F0B95E848DAE2E,2026-01-30,3093.58,CHECK,PENDING,lnl
LNL0000284,1E14A520F4F3E4E7,2025-12-31,3093.58,CREDIT_CARD,PAID,lnl
LNL0000285,8010B10E1A4173CE,2026-03-01,713.60,EFT,PAID,lnl
LNL0000285,39CD2D13FEC1733B,2026-01-30,713.60,CREDIT_CARD,PENDING,lnl
LNL0000285,BEF71A8E336D0300,2025-12-31,713.60,EFT,PENDING,lnl
LNL0000286,6D249D676988AD08,2026-03-01,255.37,EFT,RETURNED,lnl
LNL0000286,96D33FF4922A91CF,2026-01-30,255.37,EFT,PAID,lnl
LNL0000286,A34B7D3EEC1DEC7C,2025-12-31,255.37,CHECK,PAID,lnl
LNL0000287,6DC50A773B34FBFB,2026-03-01,583.21,CHECK,PAID,lnl
LNL0000287,2CCC7B820988F9BC,2026-01-30,583.21,CHECK,PAID,lnl
LNL0000287,99C518A965714475,2025-12-31,583.21,CHECK,PAID,lnl
LNL0000288,27BF0F82511DC7F9,2026-03-01,225.83,CREDIT_CARD,PAID,lnl
LNL0000288,6FF80C761876FE4B,2026-01-30,225.83,EFT,PAID,lnl
LNL0000288,7CA69AA44FD87895,2025-12-31,225.83,EFT,PAID,lnl
LNL0000289,00B143494D468656,2026-03-01,160.36,CHECK,PENDING,lnl
LNL0000289,5E6CF49DD05CAB87,2026-01-30,160.36,EFT,PAID,lnl
LNL0000289,E0AEA9032BA662A7,2025-12-31,160.36,CREDIT_CARD,PAID,lnl
LNL0000290,9CF570B18FD6E17E,2026-03-01,2158.54,EFT,PENDING,lnl
LNL0000290,68C0D19A8A6319FF,2026-01-30,2158.54,CREDIT_CARD,PAID,lnl
LNL0000290,765BEBFDAC528684,2025-12-31,2158.54,EFT,PAID,lnl
LNL0000291,45EC90AF506B7B26,2026-03-01,1179.38,CHECK,PAID,lnl
LNL0000291,30025C52F9BC03B7,2026-01-30,1179.38,CHECK,PAID,lnl
LNL0000291,BBA6D257F6C72162,2025-12-31,1179.38,CREDIT_CARD,PAID,lnl
LNL0000292,43DE1971CEF18D6D,2026-03-01,1286.23,CREDIT_CARD,RETURNED,lnl
LNL0000292,EE48A4630750FD26,2026-01-30,1286.23,CREDIT_CARD,PAID,lnl
LNL0000292,C0B9A37D4E41FDDA,2025-12-31,1286.23,CREDIT_CARD,PAID,lnl
LNL0000293,1B5AA76434C96A0E,2026-03-01,182.02,CREDIT_CARD,PAID,lnl
LNL0000293,F63AE82A14B27635,2026-01-30,182.02,CHECK,PAID,lnl
LNL0000293,936F56281039AB08,2025-12-31,182.02,CHECK,PAID,lnl
LNL0000294,75A6A678CD319C7B,2026-03-01,244.97,CHECK,RETURNED,lnl
LNL0000294,AE8EE50C4CD5A845,2026-01-30,244.97,EFT,RETURNED,lnl
LNL0000294,A03720E995EAF4AC,2025-12-31,244.97,EFT,PENDING,lnl
LNL0000295,19E9085F36E8C234,2026-03-01,164.58,EFT,PENDING,lnl
LNL0000295,CFD1CCDA103B28D5,2026-01-30,164.58,CREDIT_CARD,PAID,lnl
LNL0000295,3E23E5C8F11E4E6F,2025-12-31,164.58,CREDIT_CARD,PENDING,lnl
LNL0000296,394015DE1218E0F3,2026-03-01,290.01,CHECK,PAID,lnl
LNL0000296,92ABA9E97AF145E0,2026-01-30,290.01,CHECK,PAID,lnl
LNL0000296,329E24F14E81DE4A,2025-12-31,290.01,CHECK,PAID,lnl
LNL0000297,55E8FBA87EA75E2B,2026-03-01,1657.01,CREDIT_CARD,PAID,lnl
LNL0000297,0A73BF503FF4A309,2026-01-30,1657.01,CHECK,PAID,lnl
LNL0000297,6F3AD00DFD8399D7,2025-12-31,1657.01,CREDIT_CARD,PAID,lnl
LNL0000298,B97BC280606C5102,2026-03-01,779.21,EFT,PAID,lnl
LNL0000298,FCBF2D77CDC57AA0,2026-01-30,779.21,CHECK,PENDING,lnl
LNL0000298,2806BB6D266950AD,2025-12-31,779.21,CREDIT_CARD,PAID,lnl
LNL0000299,3C875F5F46EF5A51,2026-03-01,406.62,CHECK,RETURNED,lnl
LNL0000299,4DEAFDE173AACDAC,2026-01-30,406.62,CREDIT_CARD,PAID,lnl
LNL0000299,214E1645B2EF0D62,2025-12-31,406.62,CREDIT_CARD,PAID,lnl
LNL0000300,1BC709DE17A5A915,2026-03-01,776.61,EFT,PAID,lnl
LNL0000300,6422D6D7594E9914,2026-01-30,776.61,CHECK,RETURNED,lnl
LNL0000300,25DFE32CF93B9BB5,2025-12-31,776.61,CHECK,PENDING,lnl
LNL0000301,6A87926F12E26E46,2026-03-01,380.95,CHECK,PAID,lnl
LNL0000301,57799FE647B6E7B7,2026-01-30,380.95,CREDIT_CARD,PENDING,lnl
LNL0000301,9181393FCA55C6F0,2025-12-31,380.95,EFT,RETURNED,lnl
LNL0000302,F7F02E0F98C09784,2026-03-01,518.77,CHECK,PENDING,lnl
LNL0000302,C03556E081D4A146,2026-01-30,518.77,CREDIT_CARD,PAID,lnl
LNL0000302,97578FFDFF18DEEC,2025-12-31,518.77,CHECK,PAID,lnl
LNL0000303,B95575C8A2E1508B,2026-03-01,206.51,CREDIT_CARD,RETURNED,lnl
LNL0000303,4D47B9F7920D0A00,2026-01-30,206.51,CHECK,PAID,lnl
LNL0000303,EA0A2E540B03F0BF,2025-12-31,206.51,EFT,PENDING,lnl
LNL0000304,981EC1F46127EF8D,2026-03-01,3371.80,CHECK,PAID,lnl
LNL0000304,459D9A97AFB4F66D,2026-01-30,3371.80,CREDIT_CARD,PAID,lnl
LNL0000304,38B83A3B9F2765F8,2025-12-31,3371.80,CREDIT_CARD,PAID,lnl
LNL0000305,CFCA089AB5499E6D,2026-03-01,917.96,CHECK,PAID,lnl
LNL0000305,F9FB02FC5D387387,2026-01-30,917.96,EFT,PAID,lnl
LNL0000305,6292168C85A0C37D,2025-12-31,917.96,CREDIT_CARD,PAID,lnl
LNL0000306,0EB5D268675660C0,2026-03-01,2432.02,EFT,PAID,lnl
LNL0000306,1AD910ACA8FAEED8,2026-01-30,2432.02,CHECK,RETURNED,lnl
LNL0000306,EFFFF48EFA612870,2025-12-31,2432.02,CREDIT_CARD,PENDING,lnl
LNL0000307,FF323DA1E41CB7E8,2026-03-01,286.56,EFT,PAID,lnl
LNL0000307,B4D53E5A91FEAD13,2026-01-30,286.56,CREDIT_CARD,PAID,lnl
LNL0000307,9260E23398CC5272,2025-12-31,286.56,CREDIT_CARD,PENDING,lnl
LNL0000308,AEE5F06B7FE2E22C,2026-03-01,114.62,CHECK,PENDING,lnl
LNL0000308,9673AD5DECBBBEA0,2026-01-30,114.62,EFT,PENDING,lnl
LNL0000308,D703ECFC6AA86B81,2025-12-31,114.62,EFT,PENDING,lnl
LNL0000309,7B2F78D1A8A7351E,2026-03-01,907.43,CREDIT_CARD,PENDING,lnl
LNL0000309,B7F5B547AC92C95D,2026-01-30,907.43,EFT,PAID,lnl
LNL0000309,C6C5B58357FD2FAF,2025-12-31,907.43,EFT,PAID,lnl
LNL0000310,862D8ECEBF109535,2026-03-01,1144.64,EFT,PAID,lnl
LNL0000310,4BBAD8415A788D33,2026-01-30,1144.64,CREDIT_CARD,PAID,lnl
LNL0000310,4A649B7853648CB8,2025-12-31,1144.64,CHECK,PAID,lnl
LNL0000311,E3D46165F9A20442,2026-03-01,1364.05,EFT,PAID,lnl
LNL0000311,5292D896186E68FB,2026-01-30,1364.05,CREDIT_CARD,PAID,lnl
LNL0000311,F54B0173A443D992,2025-12-31,1364.05,CREDIT_CARD,PAID,lnl
LNL0000312,CC2FA59C3518C521,2026-03-01,128.42,CREDIT_CARD,PAID,lnl
LNL0000312,C4A93DE8840744FA,2026-01-30,128.42,CHECK,PAID,lnl
LNL0000312,A29B22EB7C16DD2F,2025-12-31,128.42,EFT,PAID,lnl
LNL0000313,943B399A9E792E10,2026-03-01,3343.62,CHECK,PAID,lnl
LNL0000313,4E35A0758C11BD17,2026-01-30,3343.62,CHECK,RETURNED,lnl
LNL0000313,DF581206AC76720D,2025-12-31,3343.62,CHECK,RETURNED,lnl
LNL0000314,326FDA368D8FA03F,2026-03-01,433.46,EFT,PAID,lnl
LNL0000314,82124ED5479B02F1,2026-01-30,433.46,EFT,PAID,lnl
LNL0000314,F4D0062DB1739104,2025-12-31,433.46,EFT,PAID,lnl
LNL0000315,6A1B4ED1C31DD2EE,2026-03-01,1290.45,CREDIT_CARD,PAID,lnl
LNL0000315,23E6CC84F53F6866,2026-01-30,1290.45,CHECK,PAID,lnl
LNL0000315,EC4036BEBD99554B,2025-12-31,1290.45,CHECK,PENDING,lnl
LNL0000316,18F06C7382375C65,2026-03-01,127.94,EFT,PENDING,lnl
LNL0000316,39F94DF388070F07,2026-01-30,127.94,CREDIT_CARD,RETURNED,lnl
LNL0000316,221C0263E30F61C0,2025-12-31,127.94,CHECK,RETURNED,lnl
LNL0000317,A5824BE342A5F3F8,2026-03-01,820.65,CREDIT_CARD,PAID,lnl
LNL0000317,C129AC3AA9056650,2026-01-30,820.65,CHECK,PAID,lnl
LNL0000317,29623CDA4415E215,2025-12-31,820.65,EFT,PAID,lnl
LNL0000318,4BC0AF5FA5199C5A,2026-03-01,760.26,EFT,PAID,lnl
LNL0000318,00594E48F2D5F862,2026-01-30,760.26,EFT,PAID,lnl
LNL0000318,2C721BA601B6678E,2025-12-31,760.26,CHECK,PAID,lnl
LNL0000319,2EBBB12541C87643,2026-03-01,82.12,EFT,PAID,lnl
LNL0000319,3599167B87DBAB58,2026-01-30,82.12,CREDIT_CARD,PENDING,lnl
LNL0000319,EAD3742EA6DBDC90,2025-12-31,82.12,EFT,PAID,lnl
LNL0000320,30619CDDB32F1198,2026-03-01,1576.86,CHECK,PAID,lnl
LNL0000320,6AD491BCD408C6FC,2026-01-30,1576.86,EFT,PAID,lnl
LNL0000320,9989262174565AF4,2025-12-31,1576.86,CHECK,PENDING,lnl
LNL0000321,3644FE1841194D55,2026-03-01,1741.69,EFT,PAID,lnl
LNL0000321,B54134E364AB8D72,2026-01-30,1741.69,EFT,PENDING,lnl
LNL0000321,844C401444F57D12,2025-12-31,1741.69,CREDIT_CARD,PAID,lnl
LNL0000322,9B8F637A92066AA5,2026-03-01,164.29,CHECK,RETURNED,lnl
LNL0000322,BC3B523ED2AF07A9,2026-01-30,164.29,CHECK,PAID,lnl
LNL0000322,0061D7A49E71ABCE,2025-12-31,164.29,EFT,RETURNED,lnl
LNL0000323,1AA212868CAF3E41,2026-03-01,2162.76,CHECK,PAID,lnl
LNL0000323,4797EFE481413E72,2026-01-30,2162.76,CHECK,PAID,lnl
LNL0000323,4D2B945232A7CB48,2025-12-31,2162.76,CREDIT_CARD,RETURNED,lnl
LNL0000324,F2F93D87C80206D1,2026-03-01,106.71,CREDIT_CARD,PENDING,lnl
LNL0000324,0ED0710B5C15E1E1,2026-01-30,106.71,CHECK,PAID,lnl
LNL0000324,F1A36DE60B53ADA3,2025-12-31,106.71,CHECK,PAID,lnl
LNL0000325,562BFC5785A4D419,2026-03-01,1495.67,EFT,PAID,lnl
LNL0000325,45943951B44C2C73,2026-01-30,1495.67,CHECK,PENDING,lnl
LNL0000325,266627755E3539A0,2025-12-31,1495.67,CHECK,PAID,lnl
LNL0000326,1DD89E9ECFA983D9,2026-03-01,3272.60,EFT,PAID,lnl
LNL0000326,DB7FF86F2DBC8758,2026-01-30,3272.60,CREDIT_CARD,RETURNED,lnl
LNL0000326,4B3FF2EC05B38F9F,2025-12-31,3272.60,CREDIT_CARD,RETURNED,lnl
LNL0000327,E19BF840D4592C1D,2026-03-01,244.87,EFT,PAID,lnl
LNL0000327,7E39EC88B6F3AE84,2026-01-30,244.87,CREDIT_CARD,PAID,lnl
LNL0000327,847365DFC91FAC9D,2025-12-31,244.87,EFT,PAID,lnl
LNL0000328,DE60006BDC6A10B5,2026-03-01,229.76,EFT,RETURNED,lnl
LNL0000328,ACC9908BD1DC2D16,2026-01-30,229.76,CHECK,PAID,lnl
LNL0000328,E5B71F1DDF5548C2,2025-12-31,229.76,EFT,PAID,lnl
LNL0000329,E1F49EEAD6FF3518,2026-03-01,150.71,EFT,PENDING,lnl
LNL0000329,07DB0D9AF5083E76,2026-01-30,150.71,CREDIT_CARD,PAID,lnl
LNL0000329,2A8A24236EF678C9,2025-12-31,150.71,EFT,PENDING,lnl
LNL0000330,519D9C61A418D0F1,2026-03-01,118.59,EFT,PAID,lnl
LNL0000330,C568290D8BE2B057,2026-01-30,118.59,CREDIT_CARD,PAID,lnl
LNL0000330,901A0BC7118B19A0,2025-12-31,118.59,CREDIT_CARD,PAID,lnl
LNL0000331,A4DD57ED8B3F7142,2026-03-01,3747.07,EFT,RETURNED,lnl
LNL0000331,34ADB757065F9166,2026-01-30,3747.07,EFT,PAID,lnl
LNL0000331,F63C679736025A11,2025-12-31,3747.07,CREDIT_CARD,PENDING,lnl
LNL0000332,D17DD22138298F17,2026-03-01,183.71,CREDIT_CARD,PAID,lnl
LNL0000332,A2CFD3D376FE158D,2026-01-30,183.71,CHECK,RETURNED,lnl
LNL0000332,3917675B24D3C3D0,2025-12-31,183.71,EFT,PAID,lnl
LNL0000333,A6315A162021F76C,2026-03-01,521.48,EFT,PENDING,lnl
LNL0000333,49C800D5656827E0,2026-01-30,521.48,CREDIT_CARD,PAID,lnl
LNL0000333,5202BC9C11EF814C,2025-12-31,521.48,CREDIT_CARD,PAID,lnl
LNL0000334,4EAD812DC82D1100,2026-03-01,242.03,CREDIT_CARD,PAID,lnl
LNL0000334,813295DAAD7BEE9E,2026-01-30,242.03,EFT,PAID,lnl
LNL0000334,65A5887D6BA3B510,2025-12-31,242.03,EFT,PAID,lnl
LNL0000335,5335A7AAB717F509,2026-03-01,755.45,CHECK,PENDING,lnl
LNL0000335,DA12D3740E1F14A2,2026-01-30,755.45,EFT,PAID,lnl
LNL0000335,9518B3490031FD83,2025-12-31,755.45,EFT,RETURNED,lnl
LNL0000336,CDA80EC113296738,2026-03-01,1096.56,EFT,PAID,lnl
LNL0000336,1C5C69193D5E8061,2026-01-30,1096.56,CHECK,PENDING,lnl
LNL0000336,79086483486B8318,2025-12-31,1096.56,CREDIT_CARD,PAID,lnl
LNL0000337,C4770DC40103CBD2,2026-03-01,3518.07,EFT,RETURNED,lnl
LNL0000337,BB06246A5E1D741D,2026-01-30,3518.07,EFT,RETURNED,lnl
LNL0000337,E57706EA021BEB25,2025-12-31,3518.07,EFT,PAID,lnl
LNL0000338,019EDBD7D364C14A,2026-03-01,585.38,EFT,PENDING,lnl
LNL0000338,6D5BDB418FA9ACBF,2026-01-30,585.38,CHECK,RETURNED,lnl
LNL0000338,4CB9C422BAC78254,2025-12-31,585.38,CHECK,PAID,lnl
LNL0000339,AD65582B676515F9,2026-03-01,1292.95,CREDIT_CARD,PAID,lnl
LNL0000339,1936495B69CF4819,2026-01-30,1292.95,CHECK,PENDING,lnl
LNL0000339,E2E55EEC535230B1,2025-12-31,1292.95,CHECK,PAID,lnl
LNL0000340,0DB887E5865B0C5A,2026-03-01,387.56,EFT,PAID,lnl
LNL0000340,26EEEE0F93635B59,2026-01-30,387.56,CREDIT_CARD,PAID,lnl
LNL0000340,5786182A1DEEB384,2025-12-31,387.56,CREDIT_CARD,RETURNED,lnl
LNL0000341,6976346C83D8DDC1,2026-03-01,356.02,CREDIT_CARD,PAID,lnl
LNL0000341,CDBB50746154B0BD,2026-01-30,356.02,CHECK,PAID,lnl
LNL0000341,9FFD8F011DB88E79,2025-12-31,356.02,CREDIT_CARD,PENDING,lnl
LNL0000342,2C4D28FEEF46C033,2026-03-01,192.34,CREDIT_CARD,RETURNED,lnl
LNL0000342,A0C1D61CC5F6B33A,2026-01-30,192.34,EFT,PAID,lnl
LNL0000342,CC2C9240D9D3A27C,2025-12-31,192.34,EFT,PENDING,lnl
LNL0000343,4E0252B2312E81B7,2026-03-01,521.03,EFT,PAID,lnl
LNL0000343,D09440648391F8D4,2026-01-30,521.03,CREDIT_CARD,PAID,lnl
LNL0000343,8A7C890E2E8DB1B5,2025-12-31,521.03,EFT,PAID,lnl
LNL0000344,AF18A9CA40EE5FAF,2026-03-01,2312.44,CREDIT_CARD,PAID,lnl
LNL0000344,AFC67EBF70835281,2026-01-30,2312.44,CREDIT_CARD,PAID,lnl
LNL0000344,CACC913639A8BDE9,2025-12-31,2312.44,EFT,PENDING,lnl
LNL0000345,217BB028DA188FE2,2026-03-01,277.01,EFT,PENDING,lnl
LNL0000345,48E4A459B4C56096,2026-01-30,277.01,CREDIT_CARD,RETURNED,lnl
LNL0000345,75D9CE814BBEDC84,2025-12-31,277.01,EFT,RETURNED,lnl
LNL0000346,2F4556563E932D84,2026-03-01,184.14,EFT,PAID,lnl
LNL0000346,8A2F8A93165B0070,2026-01-30,184.14,CHECK,PAID,lnl
LNL0000346,1A523CC17467B487,2025-12-31,184.14,CHECK,PAID,lnl
LNL0000347,9652744792BFF779,2026-03-01,149.08,CHECK,RETURNED,lnl
LNL0000347,268EFD1BE57466A8,2026-01-30,149.08,CHECK,RETURNED,lnl
LNL0000347,6CC5D3FA6C35C373,2025-12-31,149.08,CREDIT_CARD,RETURNED,lnl
LNL0000348,D254256C9E7F69F3,2026-03-01,75.58,CREDIT_CARD,PAID,lnl
LNL0000348,81A2FBAD2B5EB311,2026-01-30,75.58,CREDIT_CARD,PAID,lnl
LNL0000348,B32266FE9E482CD9,2025-12-31,75.58,CREDIT_CARD,PENDING,lnl
LNL0000349,4E2AF4BA97C04526,2026-03-01,159.65,EFT,PAID,lnl
LNL0000349,5F5CFFF817585239,2026-01-30,159.65,EFT,PAID,lnl
LNL0000349,185AA504A62F0A78,2025-12-31,159.65,CHECK,PAID,lnl
LNL0000350,3C9EA917E80CDC37,2026-03-01,48.30,EFT,PENDING,lnl
LNL0000350,DF88D815D291E5AD,2026-01-30,48.30,EFT,PAID,lnl
LNL0000350,5B91A1CB5EB21364,2025-12-31,48.30,CREDIT_CARD,PAID,lnl
LNL0000351,00AF56DB26B76E5D,2026-03-01,754.72,CREDIT_CARD,RETURNED,lnl
LNL0000351,A0D66ABABC1AA9AB,2026-01-30,754.72,CREDIT_CARD,PAID,lnl
LNL0000351,2B6418AF6A5CF1EA,2025-12-31,754.72,CHECK,PAID,lnl
LNL0000352,A4347CB86E207DDB,2026-03-01,291.80,EFT,PAID,lnl
LNL0000352,C8197F740C969066,2026-01-30,291.80,CHECK,PAID,lnl
LNL0000352,903E2EC7FA66615D,2025-12-31,291.80,CREDIT_CARD,PAID,lnl
LNL0000353,106F2E01F37356A3,2026-03-01,138.90,CREDIT_CARD,PAID,lnl
LNL0000353,877D6872C1EA9B68,2026-01-30,138.90,CREDIT_CARD,PAID,lnl
LNL0000353,19F22A682E5A08A7,2025-12-31,138.90,EFT,RETURNED,lnl
LNL0000354,83E486FE65968AB8,2026-03-01,3777.24,CHECK,PAID,lnl
LNL0000354,21961D8A14EDFC7C,2026-01-30,3777.24,EFT,PENDING,lnl
LNL0000354,C7E8634EEA927870,2025-12-31,3777.24,CHECK,RETURNED,lnl
LNL0000355,24E496ABCD6D3949,2026-03-01,564.41,CREDIT_CARD,PAID,lnl
LNL0000355,57854CF6DFAB4180,2026-01-30,564.41,EFT,PAID,lnl
LNL0000355,AC8479AF66CD36E8,2025-12-31,564.41,CREDIT_CARD,PAID,lnl
LNL0000356,417CABCA5383C8D1,2026-03-01,165.10,EFT,PAID,lnl
LNL0000356,810F307B65D35D73,2026-01-30,165.10,EFT,PAID,lnl
LNL0000356,0BA36CC5E1B73F65,2025-12-31,165.10,CREDIT_CARD,PAID,lnl
LNL0000357,F7B7D61E21FA1064,2026-03-01,358.55,CHECK,PAID,lnl
LNL0000357,CC28631BE90570D6,2026-01-30,358.55,CHECK,PAID,lnl
LNL0000357,FD2A4BF400B5FFAF,2025-12-31,358.55,CREDIT_CARD,RETURNED,lnl
LNL0000358,E6F6AE8BB14A9A49,2026-03-01,1008.15,CREDIT_CARD,PAID,lnl
LNL0000358,898C8983B306A17C,2026-01-30,1008.15,EFT,PAID,lnl
LNL0000358,E7713102D2B99110,2025-12-31,1008.15,EFT,PAID,lnl
LNL0000359,A753FA0383044CD8,2026-03-01,2224.60,CHECK,RETURNED,lnl
LNL0000359,95FAA33DB57CDF00,2026-01-30,2224.60,EFT,PAID,lnl
LNL0000359,E54AACABC221D113,2025-12-31,2224.60,CHECK,PAID,lnl
LNL0000360,E2FCE87C0B25602D,2026-03-01,227.80,CREDIT_CARD,PAID,lnl
LNL0000360,30DA13618C0BB174,2026-01-30,227.80,CREDIT_CARD,PENDING,lnl
LNL0000360,72871DC5C696D9DF,2025-12-31,227.80,CREDIT_CARD,PAID,lnl
LNL0000361,25591EFEF75F175C,2026-03-01,358.13,CHECK,RETURNED,lnl
LNL0000361,A66C8E63D5330C0F,2026-01-30,358.13,CHECK,PAID,lnl
LNL0000361,EC8FD667C9A74861,2025-12-31,358.13,EFT,PAID,lnl
LNL0000362,0B945FD9DBF1B141,2026-03-01,2924.56,CREDIT_CARD,PAID,lnl
LNL0000362,D8B0AF0CC485D780,2026-01-30,2924.56,EFT,PAID,lnl
LNL0000362,1794D3B297CAA437,2025-12-31,2924.56,CHECK,PAID,lnl
LNL0000363,F4670710738BDD85,2026-03-01,353.77,CREDIT_CARD,RETURNED,lnl
LNL0000363,B1D37F30C2367BBB,2026-01-30,353.77,EFT,RETURNED,lnl
LNL0000363,599AC04C3BA9497F,2025-12-31,353.77,CREDIT_CARD,PAID,lnl
LNL0000364,3FE1F30CA06CC667,2026-03-01,2707.25,CREDIT_CARD,RETURNED,lnl
LNL0000364,E70DC59687F36A28,2026-01-30,2707.25,CREDIT_CARD,RETURNED,lnl
LNL0000364,698BFA7281E27E9B,2025-12-31,2707.25,EFT,PAID,lnl
LNL0000365,EBC13C08CF318534,2026-03-01,181.36,CREDIT_CARD,PAID,lnl
LNL0000365,33866AFD29766708,2026-01-30,181.36,CHECK,PENDING,lnl
LNL0000365,BCFE4FBD625C4438,2025-12-31,181.36,CHECK,PAID,lnl
LNL0000366,BE22069C9C8E1267,2026-03-01,2661.18,EFT,PENDING,lnl
LNL0000366,6EC4C363745262E7,2026-01-30,2661.18,CHECK,PENDING,lnl
LNL0000366,522475046D1BC8D8,2025-12-31,2661.18,CHECK,PAID,lnl
LNL0000367,A5FABB6C1351A93B,2026-03-01,742.68,EFT,PAID,lnl
LNL0000367,502172D28B19CB10,2026-01-30,742.68,EFT,RETURNED,lnl
LNL0000367,8B2E6A0CC0FCECE1,2025-12-31,742.68,CREDIT_CARD,PENDING,lnl
LNL0000368,7860EA2F77B2DC0F,2026-03-01,777.86,CREDIT_CARD,PENDING,lnl
LNL0000368,D587D8B75D420721,2026-01-30,777.86,CHECK,RETURNED,lnl
LNL0000368,787698A0ADE7E1B6,2025-12-31,777.86,CREDIT_CARD,PENDING,lnl
LNL0000369,4AACC3D5E167E857,2026-03-01,358.60,CHECK,RETURNED,lnl
LNL0000369,553820A8A843F16F,2026-01-30,358.60,EFT,RETURNED,lnl
LNL0000369,25E7DC6168044C7A,2025-12-31,358.60,CREDIT_CARD,PENDING,lnl
LNL0000370,F612EF7CFF328C01,2026-03-01,405.24,CREDIT_CARD,PAID,lnl
LNL0000370,AD5AF43D885A7997,2026-01-30,405.24,CREDIT_CARD,PAID,lnl
LNL0000370,1AEE328E4ED5AFBD,2025-12-31,405.24,CHECK,PAID,lnl
LNL0000371,CC61353814E12271,2026-03-01,120.54,EFT,RETURNED,lnl
LNL0000371,62517E44BB3BA71F,2026-01-30,120.54,CHECK,PAID,lnl
LNL0000371,143F6FD651C26854,2025-12-31,120.54,CREDIT_CARD,PAID,lnl
LNL0000372,7AF52E4CC2CA5F26,2026-03-01,225.17,CHECK,PAID,lnl
LNL0000372,B9A884F5E47D90E9,2026-01-30,225.17,CHECK,PAID,lnl
LNL0000372,513F50C661193262,2025-12-31,225.17,EFT,PENDING,lnl
LNL0000373,8C1E9E28C65FFF74,2026-03-01,1560.41,CREDIT_CARD,PAID,lnl
LNL0000373,761175F0A012E250,2026-01-30,1560.41,CREDIT_CARD,PAID,lnl
LNL0000373,ABB4F9821C75BBFB,2025-12-31,1560.41,CREDIT_CARD,PAID,lnl
LNL0000374,C8295818BE1E280F,2026-03-01,141.91,CHECK,PENDING,lnl
LNL0000374,2AFC6D49268F0471,2026-01-30,141.91,EFT,PAID,lnl
LNL0000374,F302600EACAFC777,2025-12-31,141.91,CHECK,PAID,lnl
LNL0000375,9D6CFB2C1079B481,2026-03-01,651.52,EFT,RETURNED,lnl
LNL0000375,CA5B8D3A1FA0D8C3,2026-01-30,651.52,CHECK,RETURNED,lnl
LNL0000375,1E49E61F7735C823,2025-12-31,651.52,CREDIT_CARD,PENDING,lnl
LNL0000376,9A42F9D5F8035DF4,2026-03-01,1462.79,CHECK,PENDING,lnl
LNL0000376,2A37C8F3C4BAFC44,2026-01-30,1462.79,EFT,PENDING,lnl
LNL0000376,E1CA55DF581D56A7,2025-12-31,1462.79,EFT,PAID,lnl
LNL0000377,FE132A96318973D4,2026-03-01,535.13,CREDIT_CARD,PENDING,lnl
LNL0000377,3598206B1D26184B,2026-01-30,535.13,CREDIT_CARD,PAID,lnl
LNL0000377,989F7626105DE025,2025-12-31,535.13,EFT,RETURNED,lnl
LNL0000378,1A9490540A79FF5F,2026-03-01,1643.71,CREDIT_CARD,RETURNED,lnl
LNL0000378,3527CFFDFAAA2530,2026-01-30,1643.71,CREDIT_CARD,PAID,lnl
LNL0000378,DC49F0510BD46643,2025-12-31,1643.71,EFT,PENDING,lnl
LNL0000379,4B4DF7CFA2124A05,2026-03-01,1313.74,CREDIT_CARD,PAID,lnl
LNL0000379,C2C77F641E0E7735,2026-01-30,1313.74,EFT,PENDING,lnl
LNL0000379,995E994032068906,2025-12-31,1313.74,CREDIT_CARD,PAID,lnl
LNL0000380,F93DFB21BED1CC10,2026-03-01,149.76,EFT,PENDING,lnl
LNL0000380,022BB5AE9ADBABD6,2026-01-30,149.76,EFT,PAID,lnl
LNL0000380,856ADFF9A3326EC4,2025-12-31,149.76,CHECK,PAID,lnl
LNL0000381,51EB1B2C328B13DF,2026-03-01,890.81,EFT,PENDING,lnl
LNL0000381,C4BC3BEA2C17717B,2026-01-30,890.81,CREDIT_CARD,PAID,lnl
LNL0000381,44BD23DC51F6931B,2025-12-31,890.81,EFT,PAID,lnl
LNL0000382,AACD01EEEA876ED0,2026-03-01,377.20,CHECK,RETURNED,lnl
LNL0000382,A835D516E273EF83,2026-01-30,377.20,CREDIT_CARD,PAID,lnl
LNL0000382,F9C940FBD7E17530,2025-12-31,377.20,CREDIT_CARD,PAID,lnl
LNL0000383,E5F6AB0D419AFEBA,2026-03-01,2127.25,EFT,RETURNED,lnl
LNL0000383,03E18B036661B686,2026-01-30,2127.25,EFT,RETURNED,lnl
LNL0000383,3C84722EE014A375,2025-12-31,2127.25,CHECK,RETURNED,lnl
LNL0000384,68B9F11A6BD1B857,2026-03-01,147.83,CREDIT_CARD,PAID,lnl
LNL0000384,C9AF07D72570E717,2026-01-30,147.83,CHECK,PAID,lnl
LNL0000384,32DF59C40FD8EAD9,2025-12-31,147.83,EFT,PENDING,lnl
LNL0000385,1182BE011205D3C7,2026-03-01,256.52,EFT,RETURNED,lnl
LNL0000385,E5DAD44DE5F4CEC0,2026-01-30,256.52,EFT,PENDING,lnl
LNL0000385,AA08B9C84936DB88,2025-12-31,256.52,EFT,PAID,lnl
LNL0000386,F06FA00C12BA24A1,2026-03-01,342.67,CREDIT_CARD,PAID,lnl
LNL0000386,AAE2676DB0C76426,2026-01-30,342.67,CREDIT_CARD,RETURNED,lnl
LNL0000386,6CA62FC3EDBA2D38,2025-12-31,342.67,CHECK,RETURNED,lnl
LNL0000387,05A3FE16AFB7DE53,2026-03-01,105.59,CHECK,RETURNED,lnl
LNL0000387,F2B7F2D58596FC5A,2026-01-30,105.59,CREDIT_CARD,PAID,lnl
LNL0000387,EEAE9E2406842C5B,2025-12-31,105.59,CHECK,PENDING,lnl
LNL0000388,489CA8A1B64BA834,2026-03-01,211.56,EFT,PAID,lnl
LNL0000388,EB1AF714395E0047,2026-01-30,211.56,EFT,PENDING,lnl
LNL0000388,50DBED8E566E618C,2025-12-31,211.56,CREDIT_CARD,PAID,lnl
LNL0000389,97A3CD9D6C2413EC,2026-03-01,242.12,CREDIT_CARD,PENDING,lnl
LNL0000389,BD953F2318C5FCC5,2026-01-30,242.12,EFT,PAID,lnl
LNL0000389,85EB752404221C74,2025-12-31,242.12,EFT,RETURNED,lnl
LNL0000390,E1C0389AE181BE7D,2026-03-01,1403.52,CHECK,PAID,lnl
LNL0000390,72E3E15A1D15DA6C,2026-01-30,1403.52,EFT,PAID,lnl
LNL0000390,4B564DCF8FDC04F5,2025-12-31,1403.52,CREDIT_CARD,RETURNED,lnl
LNL0000391,827114A73E65EF4D,2026-03-01,227.27,EFT,RETURNED,lnl
LNL0000391,1956CA0BDB1B56AC,2026-01-30,227.27,CREDIT_CARD,PENDING,lnl
LNL0000391,B1CF3CAEF3C6201D,2025-12-31,227.27,EFT,RETURNED,lnl
LNL0000392,E17BE679A858FB1E,2026-03-01,660.07,CREDIT_CARD,PAID,lnl
LNL0000392,E74264AC934D42E6,2026-01-30,660.07,EFT,PAID,lnl
LNL0000392,057B4FE4C3912914,2025-12-31,660.07,CREDIT_CARD,PAID,lnl
LNL0000393,1236F364E7C9E5E5,2026-03-01,220.82,EFT,PAID,lnl
LNL0000393,E2379473D776A7C2,2026-01-30,220.82,CREDIT_CARD,PAID,lnl
LNL0000393,6BBCDA00CD6F3B95,2025-12-31,220.82,EFT,PAID,lnl
LNL0000394,7121BAC8F7D57826,2026-03-01,193.87,CHECK,PENDING,lnl
LNL0000394,D3F1E5D06CCDD090,2026-01-30,193.87,CREDIT_CARD,PENDING,lnl
LNL0000394,FDFCC2F935A563F7,2025-12-31,193.87,EFT,RETURNED,lnl
LNL0000395,EFD894051EC6B4CD,2026-03-01,3799.52,CREDIT_CARD,PENDING,lnl
LNL0000395,AB9D463D7321658B,2026-01-30,3799.52,CHECK,PENDING,lnl
LNL0000395,D5625BC3873D129C,2025-12-31,3799.52,EFT,PENDING,lnl
LNL0000396,07196BA6DC9B227A,2026-03-01,148.89,EFT,PAID,lnl
LNL0000396,E821024D358C2A9A,2026-01-30,148.89,CREDIT_CARD,PAID,lnl
LNL0000396,A7CF7AA51736E709,2025-12-31,148.89,CHECK,PENDING,lnl
LNL0000397,1277823F99B021E0,2026-03-01,295.23,EFT,PAID,lnl
LNL0000397,EB9CED2F82EBF77C,2026-01-30,295.23,EFT,PAID,lnl
LNL0000397,EC97BAFBC7467D59,2025-12-31,295.23,CHECK,RETURNED,lnl
LNL0000398,AB8C1DF2D542BC8C,2026-03-01,144.93,CHECK,PENDING,lnl
LNL0000398,BC589A65D8A5AAD4,2026-01-30,144.93,EFT,RETURNED,lnl
LNL0000398,EBCFE6E5743621F4,2025-12-31,144.93,CREDIT_CARD,PAID,lnl
LNL0000399,DABFE666F231EC37,2026-03-01,2450.16,CREDIT_CARD,PAID,lnl
LNL0000399,4D59979C91ABA149,2026-01-30,2450.16,CREDIT_CARD,PAID,lnl
LNL0000399,64DB46B371D67C84,2025-12-31,2450.16,CREDIT_CARD,PENDING,lnl
LNL0000400,7DA3DCF5C899A0F1,2026-03-01,87.10,CREDIT_CARD,RETURNED,lnl
LNL0000400,D4DFEFBE3E1CB823,2026-01-30,87.10,CHECK,PENDING,lnl
LNL0000400,2B389317B9F28781,2025-12-31,87.10,EFT,PAID,lnl
LNL0000401,CFA8CECD807A2BB5,2026-03-01,479.69,EFT,PENDING,lnl
LNL0000401,6B47D412AF202873,2026-01-30,479.69,CHECK,PENDING,lnl
LNL0000401,BD24E6E9CC133B64,2025-12-31,479.69,EFT,PENDING,lnl
LNL0000402,BED6081A5E2CF70A,2026-03-01,1052.65,CREDIT_CARD,PAID,lnl
LNL0000402,39AF556CBA07F73D,2026-01-30,1052.65,CHECK,PAID,lnl
LNL0000402,64803F70283F028B,2025-12-31,1052.65,CHECK,PAID,lnl
LNL0000403,A4B5FB4057BADCE7,2026-03-01,478.59,CHECK,PAID,lnl
LNL0000403,76CCECB98FAFE777,2026-01-30,478.59,CREDIT_CARD,PAID,lnl
LNL0000403,8034A05287F4A644,2025-12-31,478.59,CHECK,RETURNED,lnl
LNL0000404,F076933CAAE44230,2026-03-01,190.33,EFT,RETURNED,lnl
LNL0000404,B3D94B538D522064,2026-01-30,190.33,EFT,PAID,lnl
LNL0000404,ECA64FBCBEAFD8B4,2025-12-31,190.33,EFT,PAID,lnl
LNL0000405,8AC568F93428EE96,2026-03-01,230.55,CREDIT_CARD,PAID,lnl
LNL0000405,C2A9054F4CBB0571,2026-01-30,230.55,CREDIT_CARD,PAID,lnl
LNL0000405,50C97E1120BEE49A,2025-12-31,230.55,CREDIT_CARD,PAID,lnl
LNL0000406,00AF9AD96D9A227E,2026-03-01,359.24,CHECK,PAID,lnl
LNL0000406,F5D29B6870DDCCFE,2026-01-30,359.24,EFT,PAID,lnl
LNL0000406,B99C1538EBA2299D,2025-12-31,359.24,EFT,PAID,lnl
LNL0000407,87BE0CBB283294F1,2026-03-01,476.20,EFT,PENDING,lnl
LNL0000407,C2220CDBAD576F01,2026-01-30,476.20,CREDIT_CARD,PAID,lnl
LNL0000407,EDBDB317DA290D93,2025-12-31,476.20,CHECK,PAID,lnl
LNL0000408,83E6FFF100785BE9,2026-03-01,122.50,CREDIT_CARD,PENDING,lnl
LNL0000408,69C9BF0B9A477B07,2026-01-30,122.50,CHECK,RETURNED,lnl
LNL0000408,EF9698C19CFD7E90,2025-12-31,122.50,EFT,PENDING,lnl
LNL0000409,0459E478A661BA12,2026-03-01,151.79,CHECK,PAID,lnl
LNL0000409,C57F3A3310CA0D0F,2026-01-30,151.79,CREDIT_CARD,PAID,lnl
LNL0000409,0480444DD60BFA63,2025-12-31,151.79,EFT,PENDING,lnl
LNL0000410,CFE6BCF2A88B5404,2026-03-01,1380.51,EFT,PENDING,lnl
LNL0000410,99C1E59AC344981C,2026-01-30,1380.51,EFT,PAID,lnl
LNL0000410,5A9D82AD8DEF5561,2025-12-31,1380.51,EFT,PAID,lnl
LNL0000411,78BA4D80C416C9E3,2026-03-01,606.90,CREDIT_CARD,PENDING,lnl
LNL0000411,795B266EEB143567,2026-01-30,606.90,CREDIT_CARD,PENDING,lnl
LNL0000411,041ED990502D9C5E,2025-12-31,606.90,CHECK,RETURNED,lnl
LNL0000412,8626F69053EC748C,2026-03-01,160.92,CREDIT_CARD,RETURNED,lnl
LNL0000412,6A88A35C965BE097,2026-01-30,160.92,CHECK,PAID,lnl
LNL0000412,44E136C991ECB4B0,2025-12-31,160.92,CREDIT_CARD,PENDING,lnl
LNL0000413,1251F5E58B19C98C,2026-03-01,2210.93,CREDIT_CARD,PAID,lnl
LNL0000413,120FA958BE8BA15B,2026-01-30,2210.93,EFT,RETURNED,lnl
LNL0000413,05A69600B23C5DD5,2025-12-31,2210.93,EFT,RETURNED,lnl
LNL0000414,AA33BFA9E1B68AD9,2026-03-01,541.25,CREDIT_CARD,PAID,lnl
LNL0000414,A2023E93372CB6EB,2026-01-30,541.25,CREDIT_CARD,PAID,lnl
LNL0000414,48E19031CC8D2AED,2025-12-31,541.25,EFT,PENDING,lnl
LNL0000415,FE3B009CBF3345D6,2026-03-01,1264.21,CREDIT_CARD,PAID,lnl
LNL0000415,C5BABD82CDB9B394,2026-01-30,1264.21,EFT,PAID,lnl
LNL0000415,45A41204894E1AD1,2025-12-31,1264.21,CHECK,PAID,lnl
LNL0000416,9C7A59D61339E447,2026-03-01,86.81,CHECK,PENDING,lnl
LNL0000416,B6A4D02FC2A5DE80,2026-01-30,86.81,EFT,PAID,lnl
LNL0000416,0EF78BBAF6275300,2025-12-31,86.81,EFT,PENDING,lnl
LNL0000417,F00E536856FFD73F,2026-03-01,2135.64,EFT,PENDING,lnl
LNL0000417,07BF8D8A690C85F5,2026-01-30,2135.64,CHECK,PAID,lnl
LNL0000417,E49445060776FE73,2025-12-31,2135.64,CREDIT_CARD,PAID,lnl
LNL0000418,1710DD61086E6B84,2026-03-01,249.90,EFT,PAID,lnl
LNL0000418,F9DE96653CB4679A,2026-01-30,249.90,CHECK,PAID,lnl
LNL0000418,C9761E30A18577BC,2025-12-31,249.90,CHECK,PAID,lnl
LNL0000419,CCE12B62477A6719,2026-03-01,725.86,EFT,RETURNED,lnl
LNL0000419,3BD7C4A933CEB1D0,2026-01-30,725.86,CREDIT_CARD,RETURNED,lnl
LNL0000419,51186BB5E423C760,2025-12-31,725.86,EFT,PAID,lnl
LNL0000420,81ADC57142A09B6D,2026-03-01,322.44,EFT,PAID,lnl
LNL0000420,0570D89DF77CB7AB,2026-01-30,322.44,CREDIT_CARD,PENDING,lnl
LNL0000420,FDF6E55B559ECC09,2025-12-31,322.44,EFT,PAID,lnl
LNL0000421,4476BD6866008D71,2026-03-01,197.74,CREDIT_CARD,RETURNED,lnl
LNL0000421,55B9F7DF6A11B72F,2026-01-30,197.74,CREDIT_CARD,PENDING,lnl
LNL0000421,DF62DDA99B11014D,2025-12-31,197.74,EFT,PAID,lnl
LNL0000422,F2534B6DDEDAD30E,2026-03-01,645.43,EFT,PENDING,lnl
LNL0000422,57ABA421CD3272D0,2026-01-30,645.43,EFT,RETURNED,lnl
LNL0000422,B7152B113BA7915E,2025-12-31,645.43,EFT,PAID,lnl
LNL0000423,925CADB10DF6431C,2026-03-01,2706.07,EFT,PENDING,lnl
LNL0000423,AC969762953302D3,2026-01-30,2706.07,EFT,RETURNED,lnl
LNL0000423,EE0C923D7D879234,2025-12-31,2706.07,CHECK,PAID,lnl
LNL0000424,606601C13C019C8E,2026-03-01,137.47,CHECK,RETURNED,lnl
LNL0000424,CFCAB44AF8812659,2026-01-30,137.47,CHECK,PAID,lnl
LNL0000424,65E37D6EFC6A9DDF,2025-12-31,137.47,EFT,PAID,lnl
LNL0000425,D442741CCF8BA4CA,2026-03-01,561.76,CREDIT_CARD,RETURNED,lnl
LNL0000425,B505B53404F78245,2026-01-30,561.76,CHECK,PAID,lnl
LNL0000425,70BC65D336EC5BBC,2025-12-31,561.76,CREDIT_CARD,PAID,lnl
LNL0000426,B825960043F97EB9,2026-03-01,741.86,EFT,PAID,lnl
LNL0000426,B7F0E36C228F2090,2026-01-30,741.86,EFT,PAID,lnl
LNL0000426,ECFE25147F864A71,2025-12-31,741.86,CREDIT_CARD,PENDING,lnl
LNL0000427,C9CEC53355F67E3D,2026-03-01,625.02,CREDIT_CARD,PENDING,lnl
LNL0000427,DD9B438EE6715159,2026-01-30,625.02,CHECK,PAID,lnl
LNL0000427,020DD71F993197B3,2025-12-31,625.02,CREDIT_CARD,RETURNED,lnl
LNL0000428,5CCE434BB4CE074D,2026-03-01,519.19,EFT,RETURNED,lnl
LNL0000428,3162F6E78F3F6452,2026-01-30,519.19,CREDIT_CARD,RETURNED,lnl
LNL0000428,6DBFF0056DA1DB3D,2025-12-31,519.19,EFT,PENDING,lnl
LNL0000429,58E9EE6D566D0067,2026-03-01,659.54,EFT,PAID,lnl
LNL0000429,F7BE818397AE45C0,2026-01-30,659.54,CREDIT_CARD,PAID,lnl
LNL0000429,F078D73E7E0C96C8,2025-12-31,659.54,EFT,PAID,lnl
LNL0000430,D06A45EB1AFAF025,2026-03-01,764.20,CREDIT_CARD,PAID,lnl
LNL0000430,383FDDF98428469D,2026-01-30,764.20,CREDIT_CARD,RETURNED,lnl
LNL0000430,D26CA56566B00D15,2025-12-31,764.20,EFT,PAID,lnl
LNL0000431,0573F4525B9D6748,2026-03-01,131.96,EFT,PENDING,lnl
LNL0000431,51E1C80E9489782E,2026-01-30,131.96,EFT,PAID,lnl
LNL0000431,FD01D0AD0BB07EC7,2025-12-31,131.96,EFT,PAID,lnl
LNL0000432,7216E8911B75994C,2026-03-01,780.43,EFT,PAID,lnl
LNL0000432,5B6C104B8FAD4CE9,2026-01-30,780.43,CREDIT_CARD,RETURNED,lnl
LNL0000432,CABE4A613DBD8213,2025-12-31,780.43,CREDIT_CARD,PAID,lnl
LNL0000433,BFBF1340103A4C05,2026-03-01,2597.11,EFT,PAID,lnl
LNL0000433,7D568C9ABA5FC28A,2026-01-30,2597.11,EFT,PAID,lnl
LNL0000433,A71901ACA7F971C3,2025-12-31,2597.11,CHECK,PAID,lnl
LNL0000434,67D0FB440D53F50B,2026-03-01,873.36,CHECK,PAID,lnl
LNL0000434,F366A37C75A708BA,2026-01-30,873.36,CHECK,PAID,lnl
LNL0000434,AB62B960865039E4,2025-12-31,873.36,CREDIT_CARD,PAID,lnl
LNL0000435,9B9BADF557836621,2026-03-01,636.12,CREDIT_CARD,RETURNED,lnl
LNL0000435,308849C63B84BDE7,2026-01-30,636.12,CREDIT_CARD,PAID,lnl
LNL0000435,E17F85EE35465E8B,2025-12-31,636.12,EFT,PENDING,lnl
LNL0000436,9997BBD27C3A6172,2026-03-01,290.54,EFT,PAID,lnl
LNL0000436,64DD79FB80AA6290,2026-01-30,290.54,CREDIT_CARD,PAID,lnl
LNL0000436,A28C7049A6F566AD,2025-12-31,290.54,CHECK,PAID,lnl
LNL0000437,2B2F09BF60424FBC,2026-03-01,1428.70,CREDIT_CARD,RETURNED,lnl
LNL0000437,18EE82DC896D77FC,2026-01-30,1428.70,CHECK,RETURNED,lnl
LNL0000437,DF948D691147DFA2,2025-12-31,1428.70,CHECK,PENDING,lnl
LNL0000438,78480848920DFCCB,2026-03-01,227.82,CREDIT_CARD,RETURNED,lnl
LNL0000438,1ED1EC0D851EE424,2026-01-30,227.82,CREDIT_CARD,PAID,lnl
LNL0000438,65A954BE9F46C0A1,2025-12-31,227.82,EFT,PAID,lnl
LNL0000439,02992B6A0F6600C0,2026-03-01,197.69,CREDIT_CARD,PAID,lnl
LNL0000439,8FCFB9AA12430313,2026-01-30,197.69,CREDIT_CARD,PAID,lnl
LNL0000439,F2C86D2F58FF0929,2025-12-31,197.69,CHECK,PAID,lnl
LNL0000440,1225DE7A5C40AF85,2026-03-01,290.44,CREDIT_CARD,PAID,lnl
LNL0000440,52F3952D41C1520D,2026-01-30,290.44,CHECK,PAID,lnl
LNL0000440,7662C3651E933091,2025-12-31,290.44,CHECK,RETURNED,lnl
LNL0000441,B23E8723D15FF7D1,2026-03-01,598.45,CHECK,PAID,lnl
LNL0000441,967E67F8B6985E16,2026-01-30,598.45,CREDIT_CARD,RETURNED,lnl
LNL0000441,439E204F60A92518,2025-12-31,598.45,EFT,RETURNED,lnl
LNL0000442,19F63EE297046716,2026-03-01,110.40,CHECK,PENDING,lnl
LNL0000442,39013139C749172B,2026-01-30,110.40,EFT,PAID,lnl
LNL0000442,1BE52E21A7BDC833,2025-12-31,110.40,CHECK,PAID,lnl
LNL0000443,E75A0056A13D6B7A,2026-03-01,736.04,EFT,PAID,lnl
LNL0000443,CA7A44ACDBAE7EAD,2026-01-30,736.04,EFT,PAID,lnl
LNL0000443,B1CCBC46F06CADDC,2025-12-31,736.04,CHECK,PAID,lnl
LNL0000444,F069BA5926D5325C,2026-03-01,943.53,CHECK,PENDING,lnl
LNL0000444,E23D3D5F21CD3F98,2026-01-30,943.53,CREDIT_CARD,PAID,lnl
LNL0000444,3FC8EDC47F55CE7F,2025-12-31,943.53,CHECK,PENDING,lnl
LNL0000445,8ADD07BF54727435,2026-03-01,232.78,CHECK,RETURNED,lnl
LNL0000445,535E886E81770F74,2026-01-30,232.78,CHECK,PAID,lnl
LNL0000445,2BE7FDF167664A8C,2025-12-31,232.78,EFT,PAID,lnl
LNL0000446,7F2B52A75296F10D,2026-03-01,1454.97,CREDIT_CARD,RETURNED,lnl
LNL0000446,04579132020CE652,2026-01-30,1454.97,EFT,PAID,lnl
LNL0000446,52FEA62B8DD4BDB7,2025-12-31,1454.97,EFT,PAID,lnl
LNL0000447,9B074EF1D1E9DAE0,2026-03-01,423.29,CREDIT_CARD,PAID,lnl
LNL0000447,89E3E0E7226E5365,2026-01-30,423.29,CHECK,PENDING,lnl
LNL0000447,00C4334A2FB227B2,2025-12-31,423.29,CHECK,RETURNED,lnl
LNL0000448,87326843732A4640,2026-03-01,695.39,EFT,RETURNED,lnl
LNL0000448,4758E42AB91C4979,2026-01-30,695.39,EFT,PAID,lnl
LNL0000448,3C0AFF37429BE3B4,2025-12-31,695.39,CREDIT_CARD,PAID,lnl
LNL0000449,5813F37B879011AD,2026-03-01,53.87,CHECK,RETURNED,lnl
LNL0000449,427D3B83A03EC0C0,2026-01-30,53.87,EFT,PAID,lnl
LNL0000449,C2D4FC697BCEF418,2025-12-31,53.87,CREDIT_CARD,PAID,lnl
LNL0000450,B3BCE86F3E9DDEBC,2026-03-01,156.22,CHECK,PENDING,lnl
LNL0000450,97E80ABFD3689919,2026-01-30,156.22,CHECK,PAID,lnl
LNL0000450,282D47BA94FBB255,2025-12-31,156.22,CHECK,PAID,lnl
LNL0000451,2EA187EC4DB041EE,2026-03-01,159.52,EFT,PAID,lnl
LNL0000451,648C842E77675DE5,2026-01-30,159.52,CHECK,PENDING,lnl
LNL0000451,A8A8A55A33FBE4F1,2025-12-31,159.52,CHECK,RETURNED,lnl
LNL0000452,E80A2CE73F91E75D,2026-03-01,647.01,CHECK,RETURNED,lnl
LNL0000452,8AC518C7CE117C9C,2026-01-30,647.01,CREDIT_CARD,RETURNED,lnl
LNL0000452,CE1CF4A77AFE5494,2025-12-31,647.01,EFT,PAID,lnl
LNL0000453,ACA22738A06FF17E,2026-03-01,1609.81,EFT,PENDING,lnl
LNL0000453,24FD67A347A13BFE,2026-01-30,1609.81,CREDIT_CARD,RETURNED,lnl
LNL0000453,120869D546260CC5,2025-12-31,1609.81,EFT,PENDING,lnl
