policy_number,address_type,street1,street2,city,state,zip,effective_date,org_code
AIL0000001,MAILING,4317 ELIZABETH ROW,,LAKE MICHAELSTAD,SC,78770,2012-05-15,ail
AIL0000002,HOME,318 BRENDA VIA,,NORTH KRISTINBURY,VI,31040,2024-04-03,ail
AIL0000003,MAILING,28421 DAVID KNOLLS APT. 950,,KIMTOWN,HI,35283,2019-10-30,ail
AIL0000004,MAILING,177 PALMER COVES,,EAST JUDYHAVEN,NV,66540,2010-12-14,ail
AIL0000005,HOME,0076 PARKS OVERPASS SUITE 115,,NEW BRADLEY,PA,19943,2022-06-14,ail
AIL0000006,MAILING,9847 GARCIA SQUARES APT. 836,,EAST JOSHUASHIRE,NV,30450,2021-04-24,ail
AIL0000007,HOME,1565 BROOKS DRIVES SUITE 111,,MORGANMOUTH,CO,57107,2015-09-29,ail
AIL0000008,HOME,885 ROBERT WELL,,LAKE JOANNEBERG,TN,98842,2018-08-24,ail
AIL0000009,HOME,451 ERIC ORCHARD APT. 158,,PARRISHTON,MN,15559,2018-05-26,ail
AIL0000010,MAILING,402 PARK INLET,,AUDREYCHESTER,PW,45042,2024-02-17,ail
AIL0000011,MAILING,20183 BARNES JUNCTIONS APT. 545,,ADAMBERG,WI,74896,2014-04-13,ail
AIL0000012,HOME,7679 PERRY FORGE,,NORTH ERICTON,WV,67655,2010-09-20,ail
AIL0000013,MAILING,403 JOYCE CENTERS APT. 343,,WEST RUSSELLPORT,WI,18488,2007-02-03,ail
AIL0000014,MAILING,6226 VINCENT VILLAGE,,KEITHVILLE,TN,46922,2018-02-26,ail
AIL0000015,MAILING,71596 MCKINNEY MALL SUITE 160,,SOUTH MICHELLETON,MD,23028,2021-10-30,ail
AIL0000016,HOME,1369 WARREN LOCKS,,COLLIERSTAD,VI,41169,2012-11-20,ail
AIL0000017,MAILING,188 REBECCA KEYS,,JEFFREYBURGH,MI,95840,2023-12-18,ail
AIL0000018,MAILING,29212 MARSHALL PORT SUITE 995,,EAST CURTIS,VI,82711,2017-08-01,ail
AIL0000019,MAILING,4490 ROMERO INLET SUITE 700,,EDWARDLAND,MN,38128,2020-07-21,ail
AIL0000020,HOME,9807 MARC MOUNTAINS APT. 071,,LAKE MICHELLELAND,AS,45516,2012-11-15,ail
AIL0000021,MAILING,778 MICHAEL HAVEN,,NEW DEBBIETON,MS,54079,2005-09-09,ail
AIL0000022,HOME,51864 CUMMINGS SHOALS APT. 519,,ERIKATON,TN,19038,2008-07-13,ail
AIL0000023,HOME,148 SCHNEIDER ISLE,,KYLEFURT,GU,17251,2008-06-28,ail
AIL0000024,HOME,54235 LEE DAM APT. 141,,LAKE ELLENHAVEN,NY,71249,2019-11-06,ail
AIL0000025,MAILING,22927 ROBERT SPRINGS APT. 794,,LAKE MATTHEWBERG,WV,98613,2012-09-28,ail
AIL0000026,MAILING,3597 HAMMOND TUNNEL SUITE 886,,YOUNGBURY,GA,26675,2006-01-08,ail
AIL0000027,MAILING,8181 MILLER ESTATES SUITE 782,,PORT JOHN,MP,57841,2009-09-27,ail
AIL0000028,HOME,75060 SHAW FREEWAY,,,MS,11197,2008-12-10,ail
AIL0000029,HOME,522 JUSTIN VILLAGE,,JEFFREYMOUTH,NJ,91736,2019-12-26,ail
AIL0000030,MAILING,010 LEWIS DRIVE SUITE 143,,PORT JANICE,ME,16471,2006-09-30,ail
AIL0000031,MAILING,79808 JENNIFER HIGHWAY,,EAST ROBERTMOUTH,NE,00706,2012-04-14,ail
AIL0000032,HOME,185 STEPHANIE PLAINS,,JOHNCHESTER,NY,67036,2010-06-17,ail
AIL0000033,HOME,4051 ALLEN SHOALS APT. 952,,SOUTH MORGANTON,AZ,46677,2021-09-23,ail
AIL0000034,HOME,722 JENNIFER MOUNT APT. 430,,LISABURGH,WY,26645,2016-06-09,ail
AIL0000035,HOME,740 JUSTIN WALL APT. 541,,WEST SARAHHAVEN,AS,48738,2009-06-05,ail
AIL0000036,MAILING,2775 OWEN STREAM SUITE 169,,PRESTONMOUTH,GU,24153,2016-01-31,ail
AIL0000037,HOME,447 JACKSON MILLS SUITE 705,,MANUELLAND,RI,57509,2024-10-13,ail
AIL0000038,HOME,658 STEPHANIE DIVIDE,,DANIELLETON,PR,80136,2008-05-21,ail
AIL0000039,MAILING,556 CASSIE SPRINGS,,JOHNSONLAND,NV,49124,2018-04-07,ail
AIL0000040,MAILING,565 WRIGHT CRESCENT,,SCOTTLAND,AK,96927,2023-08-28,ail
AIL0000041,HOME,4739 BENSON OVERPASS,,SOUTH APRIL,ID,16575,2015-05-19,ail
AIL0000042,MAILING,715 MCKINNEY PLAZA,,PORT CHARLES,ND,38559,2019-08-15,ail
AIL0000043,MAILING,313 JOEL PARK APT. 589,,MELISSABURGH,MN,61764,2015-02-08,ail
AIL0000044,HOME,6786 MORROW CLIFFS,,NEW NICOLE,DC,42054,2010-07-23,ail
AIL0000045,MAILING,89226 MARIE PATH APT. 422,,SOUTH STEVENHAVEN,MD,93474,2011-05-07,ail
AIL0000046,HOME,43842 MENDEZ COURSE APT. 992,,WEST STACEY,GA,86842,2012-07-04,ail
AIL0000047,MAILING,10943 MONTGOMERY BURGS,,MEGANSHIRE,NM,82704,2021-03-26,ail
AIL0000048,MAILING,473 EVANS CLIFFS APT. 276,,,NJ,61376,2011-12-17,ail
AIL0000049,MAILING,556 KATHLEEN PASSAGE APT. 537,,WEST CATHERINE,DE,35559,2013-06-13,ail
AIL0000050,HOME,6963 LISA PORTS,,WRIGHTVILLE,VA,41489,2020-01-15,ail
AIL0000051,MAILING,4701 WAGNER GARDEN APT. 950,,PORT ERIK,AR,37378,2022-03-09,ail
AIL0000052,MAILING,016 NICOLE STREAM SUITE 650,,HARPERFORT,MO,07206,2007-04-09,ail
AIL0000053,MAILING,8784 DAVID COURT,,WEST ANGELA,MO,49416,2012-07-21,ail
AIL0000054,MAILING,98680 BENJAMIN STATION,,ANGELASTAD,MA,62595,2019-01-05,ail
AIL0000055,MAILING,9526 WHEELER PARKWAYS,,HERNANDEZHAVEN,MP,67310,2010-04-30,ail
AIL0000056,MAILING,55169 ROBLES STREAM APT. 974,,ERICKSONPORT,SD,76322,2023-02-20,ail
AIL0000057,HOME,89623 ASHLEY SQUARES APT. 307,,LAKE BRETT,MD,55391,2011-04-28,ail
AIL0000058,HOME,970 APRIL POINTS SUITE 786,,SOUTH HANNAH,MD,23200,2008-02-08,ail
AIL0000059,HOME,497 SUSAN HARBORS SUITE 344,,BARRMOUTH,VT,27669,2007-04-21,ail
AIL0000060,HOME,1986 CARDENAS TRAIL APT. 404,,STEWARTSTAD,VT,10859,2008-04-22,ail
AIL0000061,HOME,38484 DANIEL STREETS APT. 308,,SANDRAVIEW,IN,84117,2025-11-14,ail
AIL0000062,HOME,16571 ADAM PLAZA,,,GA,53835,2006-10-31,ail
AIL0000063,MAILING,4019 AMANDA STREAM APT. 262,,WOODSBOROUGH,PW,05264,2022-10-01,ail
AIL0000064,MAILING,04991 MITCHELL ROW SUITE 287,,FRENCHBURGH,KY,25773,2008-02-11,ail
AIL0000065,HOME,205 BRADLEY THROUGHWAY APT. 296,,WEST FRANCISCOMOUTH,GU,56560,2008-05-09,ail
AIL0000066,HOME,61227 BOYLE AVENUE SUITE 637,,,WV,35496,2011-10-04,ail
AIL0000067,HOME,5301 PARKER LODGE,,KEVINSHIRE,TX,66367,2025-04-20,ail
AIL0000068,HOME,332 HERNANDEZ SUMMIT SUITE 687,,HANNAHPORT,WV,70954,2011-07-15,ail
AIL0000069,HOME,785 SAMANTHA CREEK,,PORT JOHN,AR,72282,2019-11-26,ail
AIL0000070,HOME,8713 DAVIS PASS,,NEW AMANDA,NV,07793,2016-05-21,ail
AIL0000071,HOME,087 CUMMINGS LOCKS SUITE 039,,ANDERSONCHESTER,CA,06437,2013-05-17,ail
AIL0000072,HOME,70462 KATIE STREAM,,COOPERLAND,SD,55598,2019-02-03,ail
AIL0000073,MAILING,6182 WILSON PLAIN SUITE 823,,VICTORIAFURT,MP,00956,2012-11-26,ail
AIL0000074,HOME,633 REED HARBOR APT. 106,,WEST STEVENSIDE,RI,02551,2009-02-02,ail
AIL0000075,MAILING,9030 GONZALES PLAINS,,EAST CARLOS,IL,99379,2022-09-29,ail
AIL0000076,MAILING,959 YOUNG WELLS,,EAST WILLIAMPORT,FL,87036,2017-03-07,ail
AIL0000077,HOME,926 WILLIAMS KEY,,SOUTH KEVIN,SD,88495,2024-05-03,ail
AIL0000078,HOME,2462 ALLEN FORK SUITE 270,,FLOYDMOUTH,OH,54591,2014-10-20,ail
AIL0000079,MAILING,43517 DAVIS STREAM APT. 046,,GRANTBERG,TX,79795,2020-07-10,ail
AIL0000080,MAILING,3540 SHARON STREETS,,PORT CHARLESSHIRE,DE,98395,2006-10-09,ail
AIL0000081,MAILING,85467 PARKER LAKE SUITE 717,,ROCHABOROUGH,WV,42474,2007-04-21,ail
AIL0000082,HOME,320 TRAN PRAIRIE,,WEST LAWRENCE,OR,94874,2020-06-21,ail
AIL0000083,HOME,69378 SCOTT VIEW SUITE 772,,PHILLIPSBOROUGH,VA,46661,2019-05-06,ail
AIL0000084,HOME,80801 KATHY LOOP APT. 312,,EAST JENNIFER,AL,29169,2008-08-03,ail
AIL0000085,HOME,08860 ALYSSA HARBOR SUITE 086,,BROOKSFORT,AS,23997,2006-07-05,ail
AIL0000086,MAILING,845 NORTON COMMON,,NORTH ALICEBURY,MN,53719,2008-06-10,ail
AIL0000087,HOME,101 GRAY PLAZA SUITE 002,,CUNNINGHAMBURY,CO,66018,2013-12-05,ail
AIL0000088,MAILING,033 NELSON CLUB,,NEWMANMOUTH,TX,37250,2016-08-12,ail
AIL0000089,HOME,92614 ANNE PORT,,EAST SARAHMOUTH,MP,51508,2018-09-22,ail
AIL0000090,MAILING,501 HALL CLUB,,PATRICKBERG,MA,79821,2015-02-21,ail
AIL0000091,HOME,477 MICHAEL LANE,,NOVAKMOUTH,NE,24846,2023-12-19,ail
AIL0000092,HOME,114 NORMAN TUNNEL,,MILLERPORT,SC,20722,2024-02-05,ail
AIL0000093,HOME,47541 CHRISTOPHER MEADOWS,,STEWARTVILLE,NV,73506,2016-05-30,ail
AIL0000094,MAILING,199 SHIELDS BRIDGE SUITE 661,,GARCIALAND,VA,73840,2013-02-04,ail
AIL0000095,MAILING,24447 BRYAN MEWS SUITE 647,,NEW ADRIANA,WY,10583,2006-06-23,ail
AIL0000096,HOME,937 DEREK AVENUE SUITE 596,,JOHNATHANBURY,AS,43694,2022-04-02,ail
AIL0000097,MAILING,9375 TAMARA ISLAND SUITE 793,,COOKBERG,MD,49791,2020-04-03,ail
AIL0000098,MAILING,93982 STEPHANIE MOUNTAIN APT. 741,,LISAFURT,GU,54128,2007-11-24,ail
AIL0000099,HOME,2661 EWING NECK,,TAYLORPORT,OR,53035,2008-08-19,ail
AIL0000100,HOME,35290 RASMUSSEN ISLE,,STEPHENSSTAD,WY,56921,2010-08-15,ail
AIL0000101,MAILING,5679 MICHAEL BURG,,NORTH COREYBURY,NJ,14204,2018-10-13,ail
AIL0000102,MAILING,254 GIBSON FORD,,ROBERTLAND,NC,63799,2019-10-11,ail
AIL0000103,MAILING,1401 MELINDA RUE APT. 238,,THOMASMOUTH,HI,72840,2006-10-28,ail
AIL0000104,HOME,62266 JO FLAT SUITE 966,,WEST ANITA,AL,92872,2022-03-15,ail
AIL0000105,MAILING,182 NGUYEN MOUNT,,EAST JOSHUA,DE,34888,2019-05-26,ail
AIL0000106,MAILING,691 BELL MOUNT APT. 499,,ROSEMOUTH,CO,88595,2006-05-06,ail
AIL0000107,MAILING,25286 CARLSON PORTS SUITE 627,,WEST DAVID,SC,70936,2024-04-28,ail
AIL0000108,HOME,25790 CRANE OVAL APT. 368,,NEW GARRETT,NY,86100,2017-08-07,ail
AIL0000109,MAILING,772 ARIANA UNDERPASS APT. 404,,ORTIZFORT,IN,70966,2006-02-19,ail
AIL0000110,MAILING,819 JOSEPH PLAINS SUITE 807,,GARYMOUTH,ND,29145,2008-08-01,ail
AIL0000111,HOME,74517 KIMBERLY FREEWAY APT. 959,,GARCIABURY,SC,56621,2016-03-05,ail
AIL0000112,MAILING,09584 MARIO SQUARES,,NEW DONALD,LA,38424,2016-05-03,ail
AIL0000113,MAILING,60422 DUSTIN ISLANDS,,STEPHANIEHAVEN,MP,32948,2011-04-24,ail
AIL0000114,HOME,667 CYNTHIA TRAFFICWAY APT. 684,,BURNSSHIRE,UT,48875,2005-03-08,ail
AIL0000115,HOME,175 LAURA LOCKS,,CLEMENTSMOUTH,IL,56815,2013-12-26,ail
AIL0000116,HOME,8929 KRAMER SPRINGS APT. 017,,SOUTH JOSEPH,AK,16785,2015-02-07,ail
AIL0000117,HOME,24241 WRIGHT LANDING APT. 064,,SOUTH STEPHEN,VA,92178,2013-11-01,ail
AIL0000118,MAILING,37129 APRIL MILLS,,SOUTH DIANA,AL,01557,2009-06-19,ail
AIL0000119,MAILING,1361 DAKOTA LAND,,LISACHESTER,FM,39724,2021-01-02,ail
AIL0000120,HOME,218 CHELSEY EXPRESSWAY,,SOUTH KIARA,NV,46531,2012-05-10,ail
AIL0000121,HOME,731 DONALD CROSSING SUITE 565,,LAKE KAITLIN,WY,18828,2012-07-18,ail
AIL0000122,HOME,999 MAXWELL SPURS,,WEST DEANNA,AK,86799,2013-04-06,ail
AIL0000123,HOME,640 TROY CREEK,,JAMIEHAVEN,IA,65982,2025-02-27,ail
AIL0000124,MAILING,2696 PAYNE EXTENSIONS SUITE 109,,NEW PAMELATOWN,CA,02308,2018-02-02,ail
AIL0000125,HOME,486 MILES CORNER APT. 414,,JASONTON,CO,67518,2013-07-12,ail
AIL0000126,HOME,9146 BRIAN CORNERS SUITE 179,,PORT ERIC,PA,07713,2005-06-05,ail
AIL0000127,HOME,20275 JACKSON CROSSROAD,,ELIZABETHBURGH,WA,35728,2025-08-24,ail
AIL0000128,MAILING,8149 TYLER PASS SUITE 079,,PORT RACHELMOUTH,GA,48694,2016-08-20,ail
AIL0000129,MAILING,80003 THOMAS LIGHTS,,WEST KERRI,PW,20172,2008-11-19,ail
AIL0000130,HOME,53654 ASHLEY CREST APT. 238,,PORT AUSTIN,AZ,53051,2020-04-08,ail
AIL0000131,HOME,87053 ELLIOTT HOLLOW APT. 759,,SOUTH MICHELLEPORT,NM,26115,2011-09-12,ail
AIL0000132,HOME,06038 FIELDS SQUARE,,,FM,01758,2015-12-20,ail
AIL0000133,HOME,38367 TERESA DIVIDE SUITE 103,,AARONFURT,MH,68626,2017-11-11,ail
AIL0000134,HOME,191 DANA LOCK APT. 990,,HAYNESSTAD,NE,87328,2011-07-08,ail
AIL0000135,HOME,5574 CHARLES FLATS APT. 912,,EAST KELLY,CT,22045,2019-09-18,ail
AIL0000136,HOME,537 FORD WALK,,OWENSCHESTER,DE,12352,2011-02-04,ail
AIL0000137,HOME,52135 PALMER SPRINGS,,PORT GINA,ME,34601,2016-11-29,ail
AIL0000138,HOME,831 GARCIA UNDERPASS APT. 100,,NORTH STEPHANIE,MP,29636,2015-08-06,ail
AIL0000139,MAILING,199 LOWERY CLUB APT. 137,,EAST MADISON,AS,17381,2019-08-24,ail
AIL0000140,HOME,70296 CRAWFORD LIGHT,,PORT MARIAMOUTH,TX,56424,2025-05-13,ail
AIL0000141,HOME,4720 DEBORAH PARKS,,WEST JASON,MT,72680,2008-12-05,ail
AIL0000142,HOME,63838 VERONICA TUNNEL SUITE 787,,BROWNVIEW,MI,74642,2016-02-11,ail
AIL0000143,HOME,9304 LINDSEY MOUNTAINS,,PAULBURGH,NC,47350,2017-09-27,ail
AIL0000144,MAILING,8039 KELLY VILLAGES,,EAST CRAIG,PR,23269,2016-10-05,ail
AIL0000145,MAILING,059 ANNA FIELD SUITE 842,,EAST BRITTANY,NM,05476,2009-04-29,ail
AIL0000146,MAILING,705 LINDSAY JUNCTIONS,,NORTH JESSEBURY,VT,23761,2012-07-24,ail
AIL0000147,HOME,85156 MATTHEW ISLANDS,,BRIANBERG,DC,21145,2014-02-04,ail
AIL0000148,MAILING,89539 NICHOLAS STREET SUITE 220,,CONNERFORT,UT,75583,2008-02-26,ail
AIL0000149,HOME,95939 SHARON DIVIDE,,ROSALESSHIRE,MA,98194,2010-12-28,ail
AIL0000150,HOME,157 JOSEPH GATEWAY,,EAST MICHAELMOUTH,UT,09386,2010-04-20,ail
AIL0000151,HOME,1006 OCONNOR EXPRESSWAY SUITE 765,,,ND,49698,2025-01-28,ail
AIL0000152,MAILING,71040 GREEN COVE,,PORT TIMOTHYSHIRE,CA,45302,2007-12-31,ail
AIL0000153,MAILING,159 BUSH MEADOWS,,SOUTH EUGENE,SD,22127,2025-06-22,ail
AIL0000154,HOME,36884 EVANS COURT APT. 698,,MOOREVILLE,MP,64850,2020-04-05,ail
AIL0000155,MAILING,49731 JAMIE ROUTE SUITE 171,,NORTH MICHAEL,ME,52597,2025-07-29,ail
AIL0000156,MAILING,862 MCCLURE LAND,,BURNSVIEW,HI,58929,2008-09-09,ail
AIL0000157,HOME,9021 ELIZABETH VALLEY,,WEST SCOTTVIEW,ND,54763,2025-02-28,ail
AIL0000158,HOME,687 THOMAS COMMON SUITE 089,,NEW BRUCE,MH,68241,2006-04-18,ail
AIL0000159,MAILING,23320 MILLER SPRINGS SUITE 329,,NORTH STACY,KS,42411,2021-09-23,ail
AIL0000160,HOME,8709 RODRIGUEZ DRIVE APT. 999,,NORTH PAULFURT,WV,13634,2017-02-20,ail
AIL0000161,MAILING,4679 JOHNSON HARBOR SUITE 299,,NEW KIMBERLYPORT,TX,91420,2022-04-01,ail
AIL0000162,HOME,74505 COLLINS VILLE,,WILLIAMSMOUTH,NM,91751,2015-01-23,ail
AIL0000163,HOME,4691 SCOTT VIEW SUITE 785,,PORT JEREMYPORT,GU,07868,2024-04-18,ail
AIL0000164,HOME,89023 MARY GATEWAY APT. 705,,NORTH LARRY,VT,26598,2009-12-30,ail
AIL0000165,HOME,103 BURNS MISSION APT. 798,,MICHEALMOUTH,MI,45622,2017-03-19,ail
AIL0000166,HOME,0602 MERCEDES RUE,,PORT PATRICIA,IN,89327,2009-03-25,ail
AIL0000167,HOME,072 CAROLYN BRANCH,,WEST DENISE,IN,33582,2005-05-09,ail
AIL0000168,HOME,5743 TURNER PIKE SUITE 910,,JENNIFERVIEW,NY,87317,2020-01-28,ail
AIL0000169,MAILING,171 MCNEIL ROUTE SUITE 444,,ANNAPORT,ID,20152,2024-05-16,ail
AIL0000170,HOME,520 BRIGHT GREEN SUITE 660,,NORTH LINDA,OR,93309,2012-02-26,ail
AIL0000171,HOME,875 BRUCE VILLE,,WEST JESSICA,TN,73671,2024-08-27,ail
AIL0000172,MAILING,482 PENA FORGES,,WEST CONNOR,MI,29773,2018-04-09,ail
AIL0000173,MAILING,9471 BROWN ROADS APT. 738,,ROBERTMOUTH,DE,89721,2019-06-07,ail
AIL0000174,MAILING,23569 THOMAS WALL,,MORENOCHESTER,VT,24140,2009-02-15,ail
AIL0000175,HOME,007 CLARK TRAIL APT. 927,,SOUTH MARVINBURGH,WY,12040,2015-05-22,ail
AIL0000176,HOME,6760 AMANDA STREET SUITE 058,,NEW RYAN,ID,02849,2010-09-20,ail
AIL0000177,HOME,2168 JACKSON VIEW APT. 447,,LAKE JESSICABURY,VA,68696,2021-04-02,ail
AIL0000178,HOME,5326 JEREMY STREAM APT. 309,,RYANBERG,NY,22650,2009-03-22,ail
AIL0000179,HOME,489 BRITTNEY CAUSEWAY APT. 001,,WEST JENNIFERTON,MT,58738,2025-05-06,ail
AIL0000180,MAILING,230 FISHER COURTS SUITE 992,,MARTINEZVIEW,MT,14252,2007-08-20,ail
AIL0000181,MAILING,93483 WARNER HILL APT. 087,,WEST DANIELVILLE,PW,27723,2010-05-15,ail
AIL0000182,HOME,119 HERNANDEZ COURSE,,RIVERATOWN,WI,67571,2013-01-22,ail
AIL0000183,HOME,4470 LISA WELL,,LAKE JENNIFERVIEW,AZ,38586,2021-03-16,ail
AIL0000184,MAILING,110 MELISSA SHORE APT. 557,,LAURIEMOUTH,RI,35668,2014-04-14,ail
AIL0000185,MAILING,6746 MARSH RUN,,WEST LISABURGH,FM,22361,2018-02-06,ail
AIL0000186,HOME,69797 CHERYL TUNNEL,,EAST HEATHERTON,MI,80632,2023-09-10,ail
AIL0000187,MAILING,1670 JOSE ISLAND APT. 899,,PORT GABRIELLEBERG,IN,88298,2021-03-25,ail
AIL0000188,MAILING,375 HERNANDEZ VIEWS APT. 028,,APRILVILLE,PR,62011,2021-02-26,ail
AIL0000189,MAILING,3540 ANDREA LANE SUITE 317,,BOOTHLAND,NV,75609,2016-10-02,ail
AIL0000190,MAILING,1701 GUTIERREZ POINT APT. 199,,MILLERFORT,SC,40425,2014-04-02,ail
AIL0000191,HOME,0375 MORAN LAKES SUITE 113,,LAKE EMILY,AL,45243,2016-05-05,ail
AIL0000192,MAILING,102 TAYLOR STRAVENUE SUITE 149,,MARIAPORT,ID,25082,2005-05-09,ail
AIL0000193,HOME,516 SARA VILLAGES,,PORT PHILIPMOUTH,TX,77677,2011-03-01,ail
AIL0000194,HOME,0808 ROBERSON ORCHARD,,PORT PATRICIAMOUTH,NY,23727,2007-05-27,ail
AIL0000195,HOME,9958 BARNES REST,,LAKE LISA,PW,91270,2023-04-15,ail
AIL0000196,MAILING,7226 CAMERON PLAZA SUITE 833,,WEST RAYMOND,IL,82311,2015-04-19,ail
AIL0000197,MAILING,851 HART PRAIRIE,,GLENDABERG,OK,87946,2019-08-31,ail
AIL0000198,MAILING,0810 THOMAS SKYWAY APT. 342,,CRAIGSIDE,LA,90074,2019-04-14,ail
AIL0000199,HOME,80571 JULIA POINTS SUITE 384,,DWAYNETON,UT,87597,2024-03-30,ail
AIL0000200,HOME,43973 FISCHER PLAINS,,SOUTH PAULMOUTH,WA,79588,2024-11-27,ail
AIL0000201,MAILING,7212 JILL CREST,,PORT JENNY,MS,05827,2011-04-16,ail
AIL0000202,HOME,94057 BILL ISLANDS,,RAMIREZVIEW,PA,07166,2008-03-27,ail
AIL0000203,MAILING,58328 KRISTIE ESTATE SUITE 886,,TRACYSHIRE,CO,46297,2013-09-23,ail
AIL0000204,MAILING,4398 BARAJAS VIEW APT. 157,,EAST ELIZABETH,IA,84683,2020-06-17,ail
AIL0000205,HOME,1648 JOHNSON PATH SUITE 887,,NORTH FELICIA,NM,06248,2006-09-15,ail
AIL0000206,MAILING,112 COURTNEY FORDS APT. 613,,RACHELBOROUGH,ND,92610,2005-08-31,ail
AIL0000207,HOME,75011 GREGORY GLEN,,LUCASLAND,OH,09733,2013-06-03,ail
AIL0000208,HOME,665 PERRY CREST APT. 919,,WEST RICKEY,AZ,92367,2022-11-25,ail
AIL0000209,HOME,491 HUBBARD MILL SUITE 607,,WEST SARAHVILLE,GA,70423,2022-08-01,ail
AIL0000210,MAILING,245 ANGELA POINT APT. 100,,EAST JULIE,OK,78705,2014-12-23,ail
AIL0000211,HOME,53682 JACK RIDGES SUITE 312,,MEDINALAND,TN,74857,2015-01-25,ail
AIL0000212,MAILING,814 JOHN FLAT SUITE 552,,PORT KARENSIDE,TN,86415,2017-06-07,ail
AIL0000213,HOME,57759 STEELE DRIVES,,NORTH JUSTIN,OK,74800,2022-06-23,ail
AIL0000214,HOME,53364 TAYLOR STREET,,LINDSEYCHESTER,MA,63409,2013-07-16,ail
AIL0000215,HOME,129 MEAGAN WALKS APT. 834,,GRIFFINPORT,VA,82633,2011-03-11,ail
AIL0000216,MAILING,969 REBECCA PLAZA,,LAKE CHARLESTOWN,KS,71734,2019-01-08,ail
AIL0000217,HOME,3942 MASON COURSE SUITE 580,,VALDEZBERG,TN,31811,2013-11-16,ail
AIL0000218,HOME,29927 WILLIAMS TRACE SUITE 314,,PORT WILLIE,MN,31174,2023-06-22,ail
AIL0000219,HOME,7005 JANE PIKE SUITE 498,,LAKE JAMIESTAD,OK,23287,2013-12-07,ail
AIL0000220,MAILING,659 ZACHARY LANE APT. 865,,,GU,45725,2012-04-23,ail
AIL0000221,MAILING,2318 LEWIS FERRY,,SPARKSTOWN,GA,47978,2017-08-25,ail
AIL0000222,HOME,7739 DEBORAH LOOP,,LAKE JERRYMOUTH,AK,32439,2020-11-20,ail
AIL0000223,MAILING,809 BRIAN GREEN,,EAST ASHLEYBURGH,HI,68218,2022-11-06,ail
AIL0000224,MAILING,413 OBRIEN MOUNTAINS,,GREENESHIRE,VI,63634,2021-01-16,ail
AIL0000225,MAILING,298 JACKSON SPUR,,EAST MARIA,MA,59938,2013-12-28,ail
AIL0000226,HOME,38862 GREGORY RIDGES,,EAST NICHOLASBERG,PA,05617,2013-01-24,ail
AIL0000227,HOME,686 GOLDEN SQUARE,,NORTH TIMOTHYBERG,NC,56725,2019-10-02,ail
AIL0000228,MAILING,9916 JONATHAN TRAFFICWAY APT. 149,,PORT TIMOTHY,FM,71768,2013-12-18,ail
AIL0000229,MAILING,818 NICHOLAS FORD,,SCOTTTOWN,UT,41906,2009-12-24,ail
AIL0000230,MAILING,944 CUNNINGHAM RIDGE SUITE 636,,COXBERG,OH,73581,2015-05-22,ail
AIL0000231,HOME,4956 MELISSA SHOALS APT. 372,,WHITESIDE,CT,28610,2025-08-25,ail
AIL0000232,HOME,60127 DAVIS GREENS,,HARTMANSIDE,IN,49107,2022-08-04,ail
AIL0000233,MAILING,849 SONYA VIADUCT APT. 770,,NEW BENJAMINFURT,ID,86600,2012-02-26,ail
AIL0000234,HOME,205 DIANA ESTATE,,JAMESHAVEN,CO,36668,2012-09-11,ail
AIL0000235,MAILING,380 SAMANTHA PLAZA SUITE 895,,GOMEZFURT,MI,36743,2012-06-04,ail
AIL0000236,HOME,9042 HUNTER POINTS APT. 845,,NEW SYLVIA,DE,67778,2019-09-29,ail
AIL0000237,MAILING,769 CARRILLO THROUGHWAY SUITE 779,,NANCYSHIRE,VI,04085,2005-02-06,ail
AIL0000238,MAILING,335 MOSES PATH APT. 434,,WILSONLAND,CO,52789,2017-01-16,ail
AIL0000239,HOME,5394 STACEY SPRINGS APT. 733,,CHARLESBURGH,WA,32227,2024-05-07,ail
AIL0000240,HOME,521 SAMANTHA SPRINGS,,JAMIEBOROUGH,TN,65075,2007-07-25,ail
AIL0000241,MAILING,9579 HENRY TRACK SUITE 639,,PORT MERCEDESTON,DC,07598,2011-09-03,ail
AIL0000242,HOME,562 BRAY SQUARE,,MENDOZASIDE,NC,60803,2011-11-07,ail
AIL0000243,HOME,9155 LOPEZ GREENS,,HANNAHTOWN,IA,35812,2017-11-22,ail
AIL0000244,HOME,76365 DICKERSON HARBORS SUITE 292,,MULLENMOUTH,OK,90417,2008-11-20,ail
AIL0000245,MAILING,86632 THOMAS BRANCH APT. 672,,PORT CORY,MH,83161,2015-02-12,ail
AIL0000246,MAILING,906 HANNAH CIRCLE APT. 471,,KRISTENPORT,NV,98096,2013-08-12,ail
AIL0000247,HOME,0615 BARBARA RUN APT. 455,,JORDANSTAD,TX,67405,2015-12-18,ail
AIL0000248,MAILING,9472 DANIELLE JUNCTION,,HAMPTONMOUTH,MT,83243,2011-03-02,ail
AIL0000249,HOME,53554 JACOBS LOCKS,,SWEENEYLAND,KY,58814,2016-02-10,ail
AIL0000250,MAILING,2202 EBONY SUMMIT APT. 326,,JULIEHAVEN,CT,13025,2023-06-20,ail
AIL0000251,MAILING,114 CHRISTOPHER LOAF SUITE 334,,SOUTH AMYTOWN,NV,82615,2007-04-19,ail
AIL0000252,HOME,05577 DUNN DALE,,EAST ALISON,UT,71186,2024-05-04,ail
AIL0000253,MAILING,845 FERNANDEZ VALLEY APT. 745,,NEW CARLA,MT,34554,2021-07-18,ail
AIL0000254,MAILING,4780 ARROYO NECK,,WEST ALEX,ME,01698,2008-02-15,ail
AIL0000255,MAILING,536 FOSTER ESTATES,,YATESBURY,VT,97116,2017-01-31,ail
AIL0000256,HOME,63894 WONG PLACE SUITE 631,,CLAYTONBURY,HI,18408,2016-07-16,ail
AIL0000257,MAILING,9735 EDWIN PLACE APT. 214,,DANIELMOUTH,KY,16890,2011-03-22,ail
AIL0000258,HOME,07356 FLOYD PARKS,,ACOSTABURY,MN,61277,2023-08-01,ail
AIL0000259,HOME,6187 JAMES VILLE,,WEST CHRISTOPHERBERG,KS,50515,2019-01-31,ail
AIL0000260,HOME,3037 ADRIANA FORDS SUITE 645,,NORTH THERESABURY,GA,82966,2021-10-26,ail
AIL0000261,HOME,7435 MICHELLE FORGE,,LAKE SHARONHAVEN,DE,31429,2005-01-21,ail
AIL0000262,MAILING,163 TANYA PRAIRIE SUITE 925,,NGUYENBURGH,WI,12229,2013-12-03,ail
AIL0000263,HOME,005 JACQUELINE TURNPIKE APT. 273,,EAST VINCENT,MD,73685,2023-07-31,ail
AIL0000264,HOME,65240 MANN POINTS,,LINDAMOUTH,LA,71638,2025-01-20,ail
AIL0000265,HOME,92855 HILL VILLAGE APT. 182,,,NV,39255,2025-11-05,ail
AIL0000266,MAILING,862 CHRISTINE LAKES,,AMBERMOUTH,WI,81791,2007-12-17,ail
AIL0000267,MAILING,87829 MORRIS ROW SUITE 118,,WEST JENNIFER,TN,09240,2013-01-31,ail
AIL0000268,MAILING,17310 BARRETT PINE,,PORT SHARONBURGH,RI,92423,2021-04-14,ail
AIL0000269,MAILING,37170 GRANT MALL,,BRANDONBURY,GU,48875,2015-09-12,ail
AIL0000270,HOME,141 SUSAN COURT,,PORT CHRISTINAHAVEN,CT,95550,2023-04-30,ail
AIL0000271,MAILING,392 REESE TRAFFICWAY,,NEW PAUL,SC,76072,2010-02-19,ail
AIL0000272,MAILING,28685 AMANDA RAPID,,EMILYCHESTER,NV,46680,2008-01-29,ail
AIL0000273,MAILING,6593 NICHOLAS PLAZA SUITE 577,,ANDREAMOUTH,MO,00526,2020-03-10,ail
AIL0000274,HOME,0433 SMITH VIEW,,WEST CAITLINHAVEN,UT,36671,2021-03-16,ail
AIL0000275,MAILING,24593 JONATHAN HILLS APT. 969,,NORTH BENJAMIN,PW,29000,2009-11-15,ail
AIL0000276,HOME,9194 JESSICA PORTS,,LAKE MARKFORT,MS,10787,2014-08-19,ail
AIL0000277,HOME,39060 WARREN ISLAND APT. 583,,PORT MATTHEWCHESTER,FL,07122,2021-03-05,ail
AIL0000278,MAILING,64622 MILLER PORTS,,MADDOXSHIRE,WA,06964,2019-10-08,ail
AIL0000279,HOME,227 TONY RUN APT. 898,,BAKERFURT,IA,32261,2006-03-24,ail
AIL0000280,HOME,66553 COOPER SHOAL,,WEST KIMBERLYMOUTH,AK,40454,2024-12-07,ail
AIL0000281,HOME,270 JAMES LANDING APT. 110,,WEST CHRISTINA,IA,81897,2014-06-10,ail
AIL0000282,MAILING,51477 MARTIN STREETS APT. 388,,PORT MARISSA,WV,34403,2022-04-12,ail
AIL0000283,MAILING,9804 BRIAN FLATS,,DEANBERG,WY,91796,2022-09-14,ail
AIL0000284,HOME,4510 DILLON RUN,,BRIANTOWN,MS,30800,2014-07-02,ail
AIL0000285,HOME,9812 VINCENT MOUNT APT. 038,,ROMEROVILLE,ME,44222,2006-11-16,ail
AIL0000286,MAILING,5543 CAIN ROAD,,LONGBURGH,KS,51248,2019-03-25,ail
AIL0000287,MAILING,6216 ROBERT PORTS,,NEW STACYBURY,FL,56398,2014-09-30,ail
AIL0000288,HOME,232 MICHELLE INLET APT. 629,,RENEEMOUTH,PW,21216,2008-12-09,ail
AIL0000289,HOME,52056 TURNER SUMMIT,,CARLOSSIDE,GU,83973,2012-10-11,ail
AIL0000290,MAILING,20994 CAITLYN FORT,,EDWINBOROUGH,TX,03919,2022-07-09,ail
AIL0000291,HOME,975 MELISSA OVERPASS,,CHRISTOPHERFORT,NJ,18525,2016-10-01,ail
AIL0000292,MAILING,46333 GREGORY MILL SUITE 573,,EAST JEREMY,NE,53567,2006-03-31,ail
AIL0000293,MAILING,9998 ABIGAIL MISSION SUITE 038,,NEW JILLFURT,ND,52354,2017-11-15,ail
AIL0000294,MAILING,7644 JACKSON HILL,,NEW PAULTON,RI,07650,2006-01-12,ail
AIL0000295,MAILING,81298 PHILLIP ISLANDS SUITE 027,,SOUTH MARIA,OR,93907,2017-05-27,ail
AIL0000296,HOME,211 JASMIN ROADS SUITE 186,,SOUTH CHRISTOPHER,VA,67566,2006-10-01,ail
AIL0000297,MAILING,59222 KAYLA CENTER,,SOUTH ANDREA,MT,40879,2006-01-12,ail
AIL0000298,HOME,212 ADAM TRACK SUITE 077,,JESSICAMOUTH,PR,65859,2011-12-21,ail
AIL0000299,HOME,776 MILLER RAPID,,NEW NICOLEBURY,AL,32576,2011-10-26,ail
AIL0000300,HOME,22050 MELISSA SHORES,,CHRISTINESIDE,OK,79574,2021-06-06,ail
AIL0000301,MAILING,62249 TAMMY SUMMIT,,MARKLAND,OR,47711,2005-07-15,ail
AIL0000302,HOME,1681 RUIZ CROSSING SUITE 586,,NORTH KAYLAMOUTH,NC,28005,2019-09-29,ail
AIL0000303,HOME,9469 GREEN PORTS,,NEW BRIAN,RI,46881,2014-06-02,ail
AIL0000304,HOME,2934 AARON BURG SUITE 139,,NEW ANNA,MT,54770,2007-02-02,ail
AIL0000305,HOME,344 KYLE PARKWAYS,,WEST MICHAELBOROUGH,OH,42958,2025-02-01,ail
AIL0000306,MAILING,990 JAMES VILLAGE SUITE 770,,NORTH GINAMOUTH,SD,18294,2023-05-24,ail
AIL0000307,HOME,6084 PETERS BROOK APT. 955,,MOOREMOUTH,CA,20070,2011-07-18,ail
AIL0000308,MAILING,829 LOPEZ CRESCENT SUITE 504,,MARYMOUTH,MT,11877,2012-02-19,ail
AIL0000309,HOME,3842 NEIL CAMP APT. 178,,WILEYSTAD,AK,63764,2022-04-11,ail
AIL0000310,MAILING,845 KAYLA COURTS APT. 307,,EAST MATTHEW,MS,94044,2017-01-08,ail
AIL0000311,MAILING,7018 JOHNSON TRACE,,NORTH LARRYTON,ME,84236,2007-01-11,ail
AIL0000312,HOME,8571 HERNANDEZ HARBOR APT. 098,,WEST JAMES,NY,13919,2023-10-01,ail
AIL0000313,MAILING,2493 CHARLES RIDGE SUITE 870,,NEW MICHAEL,DC,04301,2011-09-15,ail
AIL0000314,MAILING,0166 JANET RAMP,,BERGERTON,SC,90957,2017-05-04,ail
AIL0000315,MAILING,81792 LISA SQUARE SUITE 174,,JENSENPORT,TX,84966,2022-07-08,ail
AIL0000316,MAILING,3329 DURHAM LOCK APT. 557,,,NM,04467,2006-11-20,ail
AIL0000317,MAILING,45992 RICHARD STATION APT. 581,,SOUTH DANIELFORT,WY,40100,2006-06-13,ail
AIL0000318,HOME,382 REYES JUNCTIONS,,MORALESCHESTER,IL,91472,2024-01-02,ail
AIL0000319,MAILING,321 WILSON RANCH SUITE 581,,MUELLERCHESTER,GU,58856,2023-06-07,ail
AIL0000320,MAILING,196 SNYDER SHORE,,WEST STEPHANIE,AR,12367,2009-03-14,ail
AIL0000321,MAILING,27846 GONZALEZ SPRINGS,,PORT DOMINIC,FM,41998,2019-07-09,ail
AIL0000322,MAILING,519 CHERYL PASS SUITE 240,,ASHLEYPORT,MN,72444,2011-04-11,ail
AIL0000323,MAILING,0369 GARRETT STATION,,NORTH JACQUELINESTAD,MS,53720,2017-03-12,ail
AIL0000324,HOME,2386 LARSEN DRIVES,,GRAHAMBOROUGH,LA,88327,2022-07-12,ail
AIL0000325,MAILING,76212 DALTON TURNPIKE,,EAST ALEXANDER,UT,79724,2009-01-13,ail
AIL0000326,MAILING,765 JACOB RAPIDS APT. 973,,HANSONMOUTH,VT,66263,2016-11-16,ail
AIL0000327,MAILING,09751 NIXON COMMON APT. 847,,ROBERTSIDE,NC,10755,2019-09-26,ail
AIL0000328,MAILING,058 TAYLOR PASSAGE SUITE 956,,EAST THOMASLAND,MI,39117,2009-12-03,ail
AIL0000329,MAILING,79290 LAMB ROAD APT. 471,,GARYPORT,DC,66770,2008-11-24,ail
AIL0000330,MAILING,444 JUDITH RAPIDS,,PORT KRISTENVIEW,HI,78065,2005-08-20,ail
AIL0000331,HOME,3728 MATTHEW CORNER,,LAKE SEAN,FL,78560,2023-10-08,ail
AIL0000332,MAILING,3723 BROWN GREENS APT. 027,,PORT TYLER,MO,62921,2009-11-28,ail
AIL0000333,MAILING,6742 SMITH UNION,,THOMASSIDE,NV,50571,2021-01-30,ail
AIL0000334,MAILING,569 ROGERS GROVE,,SUZANNETON,AS,13382,2020-10-21,ail
AIL0000335,MAILING,393 BYRD FALLS SUITE 800,,DESTINYFURT,MP,09407,2019-11-08,ail
AIL0000336,MAILING,3443 ANDREW COURSE APT. 939,,SOUTH CONNORVILLE,SC,16464,2014-10-19,ail
AIL0000337,HOME,921 JON MOUNTAIN APT. 746,,NORTH MELISSABERG,UT,88001,2022-08-27,ail
AIL0000338,MAILING,66504 THOMPSON CLIFF SUITE 396,,JONATHANLAND,HI,85105,2021-06-18,ail
AIL0000339,MAILING,91741 CHARLES PORTS SUITE 707,,RODRIGUEZSIDE,FL,86073,2022-04-16,ail
AIL0000340,MAILING,569 ZACHARY TRAIL,,NORTH ELIZABETHVIEW,NM,63171,2016-02-17,ail
AIL0000341,MAILING,67198 COOK HOLLOW,,POWELLLAND,MO,07735,2024-11-09,ail
AIL0000342,HOME,4328 TAMMY SHORE,,WEST AMANDAMOUTH,ID,39674,2010-08-07,ail
AIL0000343,MAILING,57173 AUSTIN BURG APT. 761,,,WY,71352,2014-05-31,ail
AIL0000344,HOME,50506 JASON SHOAL,,VICTORMOUTH,TN,69067,2023-08-04,ail
AIL0000345,MAILING,931 JILL OVERPASS,,BENTLEYSIDE,SD,02999,2023-12-21,ail
AIL0000346,MAILING,202 REBECCA VIEW,,MEADOWSTON,WY,13253,2013-06-03,ail
AIL0000347,MAILING,17993 LINDA MEADOW,,CARRSHIRE,MA,97222,2025-01-13,ail
AIL0000348,HOME,3092 BROWN HARBOR,,NGUYENSHIRE,FL,99794,2014-09-27,ail
AIL0000349,HOME,3902 KYLIE ROADS,,JACKSONSTAD,RI,49801,2017-06-06,ail
AIL0000350,HOME,02194 STEELE TURNPIKE,,NORTH NICHOLE,WI,62892,2017-04-30,ail
AIL0000351,HOME,763 CHERYL CAMP APT. 791,,EAST DOUGLAS,SC,39979,2019-01-08,ail
AIL0000352,HOME,18195 STEVEN ROAD,,ROBERTSIDE,TN,27778,2011-07-19,ail
AIL0000353,HOME,772 ELIZABETH CAPE,,BRIANVILLE,AR,85024,2010-12-11,ail
AIL0000354,MAILING,9701 SARA FALL APT. 078,,JUSTINCHESTER,DE,09788,2013-04-15,ail
AIL0000355,MAILING,3531 PEREZ FREEWAY SUITE 363,,LAKE SEAN,CA,62234,2017-08-28,ail
AIL0000356,MAILING,97265 STEPHEN FIELDS,,BROWNCHESTER,SC,47502,2012-09-17,ail
AIL0000357,HOME,904 DANIEL MOUNTAIN,,JAMESBERG,NH,55318,2023-05-11,ail
AIL0000358,HOME,292 CHRISTOPHER WALKS SUITE 397,,PORT MATTHEW,MP,61156,2010-04-15,ail
AIL0000359,HOME,56939 ROBIN AVENUE,,ALEXISCHESTER,MT,06297,2022-12-15,ail
AIL0000360,MAILING,8671 SIMPSON CORNER,,SOUTH JESSICAHAVEN,OH,99208,2015-01-27,ail
AIL0000361,MAILING,4310 CALDWELL ESTATES,,LAKE JESSICABOROUGH,VT,60700,2007-10-31,ail
AIL0000362,MAILING,57016 SCHMIDT HILL SUITE 498,,SOUTH STEVENBERG,OK,27652,2008-04-26,ail
AIL0000363,MAILING,16579 MICHAEL EXTENSIONS APT. 832,,NEW NICOLETON,MA,31779,2017-06-24,ail
AIL0000364,HOME,355 GORDON MANORS,,LAKE TIMOTHYSHIRE,KY,07639,2022-08-23,ail
AIL0000365,MAILING,8847 MARSH SQUARE,,WEST MICHAELFORT,AS,09102,2008-04-29,ail
AIL0000366,MAILING,41124 HEIDI PARKS APT. 380,,SOUTH CHRISTOPHER,LA,55097,2007-04-08,ail
AIL0000367,HOME,043 ANDREW UNIONS APT. 856,,SOUTH MICHAEL,OR,45431,2017-10-31,ail
AIL0000368,HOME,4924 KRISTINA FORKS SUITE 540,,TODDHAVEN,FL,46785,2018-08-27,ail
AIL0000369,HOME,842 MARY SQUARE,,STEPHENBURGH,MH,87841,2015-08-29,ail
AIL0000370,HOME,9274 LOPEZ POINTS,,EAST JOHN,VT,05047,2024-04-01,ail
AIL0000371,HOME,8284 SAMANTHA LODGE SUITE 275,,TIFFANYBERG,FL,01063,2014-12-09,ail
AIL0000372,HOME,9297 NORRIS STREET SUITE 028,,DEBORAHPORT,DE,40881,2023-06-25,ail
AIL0000373,MAILING,1509 BRANDY FORGES SUITE 301,,SOUTH CHRISTINABURY,ND,58888,2008-07-26,ail
AIL0000374,MAILING,980 SANDERS STRAVENUE SUITE 565,,NEW PRESTONFORT,AL,37810,2017-10-03,ail
AIL0000375,MAILING,76742 CHANDLER MALL,,MICHAELMOUTH,DC,77463,2015-03-29,ail
AIL0000376,MAILING,96106 PERRY POINT SUITE 923,,EAST JAREDFORT,HI,50540,2013-11-26,ail
AIL0000377,MAILING,478 WALKER TURNPIKE APT. 244,,ANGELATON,SC,83936,2024-07-10,ail
AIL0000378,HOME,46273 DAVID HARBOR SUITE 195,,,OR,63479,2023-08-21,ail
AIL0000379,HOME,8904 BONNIE DRIVE,,ONEILLFORT,MD,60930,2009-10-22,ail
AIL0000380,MAILING,6504 MORENO CLUB APT. 219,,WEST FRANK,WV,22407,2016-07-06,ail
AIL0000381,HOME,518 MORROW BRIDGE APT. 845,,MONIQUEPORT,WI,64057,2008-11-19,ail
AIL0000382,MAILING,28338 ROBERT CLUB,,PETERSONBURGH,DE,17701,2020-11-29,ail
AIL0000383,HOME,9852 JOHNSON VIA,,SOUTH MICHAELSTAD,DE,29645,2011-10-12,ail
AIL0000384,MAILING,2321 VAZQUEZ TUNNEL,,PORT HEATHER,DE,10689,2023-12-01,ail
AIL0000385,HOME,10890 WILSON GLEN,,PORT TODDCHESTER,AZ,09184,2007-06-05,ail
AIL0000386,HOME,393 ELLEN BURGS,,ELIZABETHVILLE,CO,19579,2010-11-10,ail
AIL0000387,HOME,89389 CORY PRAIRIE APT. 833,,STACYSTAD,LA,23015,2022-12-30,ail
AIL0000388,MAILING,9271 MARY LIGHT SUITE 383,,LAKE COREYBOROUGH,MT,15291,2019-09-14,ail
AIL0000389,MAILING,5480 MARK CRESCENT,,DAVIDVILLE,MS,37674,2018-01-29,ail
AIL0000390,HOME,86463 PATRICIA UNIONS SUITE 520,,BURKEPORT,TX,64942,2019-04-27,ail
AIL0000391,HOME,66912 MICHAEL FLAT,,SOUTH SAMUELLAND,MA,26749,2019-10-02,ail
AIL0000392,HOME,9946 ALVAREZ RAPIDS SUITE 784,,MARTINEZCHESTER,FL,60090,2017-07-16,ail
AIL0000393,MAILING,201 MARIA PARKS,,NORTH JOHNFORT,TX,04007,2010-01-04,ail
AIL0000394,HOME,9524 KATHLEEN SHORE,,,WV,68651,2024-02-04,ail
AIL0000395,MAILING,778 DANIELS VALLEYS APT. 061,,SPARKSBOROUGH,MS,59498,2015-08-05,ail
AIL0000396,MAILING,02842 JORDAN INLET SUITE 719,,MELISSAMOUTH,TX,64798,2014-04-08,ail
AIL0000397,HOME,4796 MIRANDA HAVEN,,ALVAREZBURGH,MD,08551,2025-01-10,ail
AIL0000398,HOME,905 DAVIS KEY SUITE 650,,NEW BRANDONSTAD,TN,32512,2015-12-09,ail
AIL0000399,HOME,141 JACKSON PLAIN,,EAST DEBORAH,MD,05400,2011-02-19,ail
AIL0000400,HOME,0790 GRAY LOAF SUITE 917,,BARRETTCHESTER,CT,91053,2006-12-23,ail
AIL0000401,HOME,94563 REID TURNPIKE APT. 834,,WEST TYLER,KS,06731,2015-09-16,ail
AIL0000402,HOME,191 NELSON PORT,,WENDYFURT,AS,70108,2021-12-23,ail
AIL0000403,HOME,484 ALVARADO ISLAND,,SIMMONSSTAD,ID,54805,2024-09-02,ail
AIL0000404,MAILING,820 BARBARA FOREST SUITE 489,,KINGHAVEN,PR,57350,2023-06-24,ail
AIL0000405,HOME,24665 CYNTHIA VISTA,,NEW JAMESMOUTH,MT,35488,2024-12-01,ail
AIL0000406,HOME,3123 JOHN VIEWS,,DEBBIEVIEW,ME,61339,2025-05-05,ail
AIL0000407,MAILING,032 TAYLOR GREEN SUITE 820,,CASTROCHESTER,VA,64181,2016-04-26,ail
AIL0000408,MAILING,416 POWERS COURSE SUITE 231,,NORTH MICHELELAND,OK,96770,2022-04-20,ail
AIL0000409,HOME,1391 MURPHY PRAIRIE SUITE 363,,NEW ELIZABETHSHIRE,FL,14501,2019-08-30,ail
AIL0000410,MAILING,4907 LYONS CREEK SUITE 867,,EAST TARA,TX,32790,2015-08-23,ail
AIL0000411,HOME,5409 MCKENZIE SHORE APT. 348,,NATASHABERG,MS,41037,2019-11-11,ail
AIL0000412,MAILING,6064 DAVIS VIEW,,REBECCAVILLE,WV,31363,2025-02-26,ail
AIL0000413,MAILING,560 DELACRUZ VIEW SUITE 765,,JASONBURGH,VT,55861,2009-06-16,ail
AIL0000414,HOME,6985 NEAL TRACK,,PORT ETHANVIEW,AR,84567,2014-03-11,ail
AIL0000415,MAILING,63459 DANIEL GATEWAY,,LAKE SCOTT,NC,94029,2010-04-06,ail
AIL0000416,MAILING,7724 GRACE VIEWS SUITE 431,,PORT BROOKE,MT,48683,2008-05-06,ail
AIL0000417,MAILING,08931 GONZALEZ SQUARES,,SOUTH NANCY,PR,22620,2019-06-15,ail
AIL0000418,MAILING,52910 AYALA MOTORWAY,,SOUTH CHRISTINEVIEW,GU,88792,2008-12-02,ail
AIL0000419,MAILING,4762 GATES RAPID,,WILSONBOROUGH,IL,37590,2024-02-04,ail
AIL0000420,MAILING,44397 MIKE SPUR,,SOUTH HENRY,SD,60553,2018-12-12,ail
AIL0000421,HOME,366 JONES POINT APT. 053,,NORTH TAYLORMOUTH,NJ,46940,2013-12-28,ail
AIL0000422,MAILING,5280 JORGE PARKWAY SUITE 572,,NORTH JONFURT,CO,42092,2014-06-17,ail
AIL0000423,MAILING,27456 ORR GREENS SUITE 856,,THOMASVILLE,MH,22125,2007-04-30,ail
AIL0000424,MAILING,703 BRIAN FALLS,,JILLIANFORT,AZ,62137,2009-01-24,ail
AIL0000425,MAILING,70758 ELLIS CREEK APT. 151,,FRANKMOUTH,IL,37740,2021-04-24,ail
AIL0000426,HOME,939 ALICIA PORTS APT. 613,,PORT GARY,WI,65789,2006-06-03,ail
AIL0000427,MAILING,9152 CHRISTOPHER VILLAGE SUITE 749,,WEST ANTHONYVILLE,TN,01261,2017-09-03,ail
AIL0000428,HOME,923 LAURIE HAVEN SUITE 018,,TARAMOUTH,PA,50490,2018-11-13,ail
AIL0000429,HOME,03266 HOLLAND SHOAL APT. 147,,SOUTH JONATHANBURY,AS,57171,2020-03-03,ail
AIL0000430,HOME,158 TRACY LOAF SUITE 499,,REBECCABERG,NE,12326,2008-07-09,ail
AIL0000431,MAILING,610 MCPHERSON SPRINGS APT. 278,,SHEPHERDBURGH,SC,85334,2016-01-11,ail
AIL0000432,MAILING,2243 PHILLIPS CAUSEWAY APT. 081,,WEST TAYLORLAND,NY,56195,2013-06-29,ail
AIL0000433,MAILING,4918 DANIEL SHORE SUITE 226,,DAVISSHIRE,AZ,11418,2024-03-19,ail
AIL0000434,MAILING,779 PETERSON WELL APT. 321,,MCDOWELLPORT,WA,79675,2014-01-18,ail
AIL0000435,MAILING,006 ALEXANDER SHOAL SUITE 769,,MONICAVILLE,VA,64296,2019-04-20,ail
AIL0000436,MAILING,1220 DANIEL BROOK APT. 037,,CHRISTINESTAD,SD,19526,2013-02-24,ail
AIL0000437,MAILING,47276 DARREN DRIVES,,SOUTH MEGAN,WA,92591,2018-11-26,ail
AIL0000438,MAILING,9334 WILLIAMS BRANCH,,MAYNARDFORT,CT,83130,2009-12-22,ail
AIL0000439,MAILING,76789 HALL CIRCLE APT. 695,,PETTYFORT,OH,08825,2013-05-21,ail
AIL0000440,HOME,79576 EVAN STREAM APT. 757,,PATRICIACHESTER,IN,67037,2014-03-07,ail
AIL0000441,HOME,724 MOYER VILLAGE SUITE 729,,NEW REGINA,IL,37523,2013-10-24,ail
AIL0000442,HOME,722 ERIC OVERPASS,,,CT,55024,2025-10-13,ail
AIL0000443,MAILING,54522 LINDSAY JUNCTION,,TORRESBOROUGH,NE,15439,2008-01-08,ail
AIL0000444,HOME,5508 KEMP WALK APT. 077,,NORTH ANNA,MP,99560,2023-10-25,ail
AIL0000445,MAILING,121 RHONDA ESTATE,,NORTH KIMBERLYVILLE,VA,38790,2008-11-23,ail
AIL0000446,HOME,55213 MONTES TRAFFICWAY,,GILLFORT,WI,01364,2013-08-18,ail
AIL0000447,MAILING,8214 ESPINOZA MALL SUITE 328,,PORT LISA,MT,30409,2011-08-07,ail
AIL0000448,HOME,8507 KAYLA STRAVENUE APT. 155,,PORT ROY,MO,22039,2021-10-15,ail
AIL0000449,MAILING,084 MORALES SPRINGS,,BROWNTON,UT,73063,2025-12-25,ail
AIL0000450,MAILING,48926 SCHNEIDER PLAINS SUITE 563,,JENNIFERMOUTH,FM,40023,2025-08-30,ail
AIL0000451,HOME,843 WILLIAM INLET,,NORTH AMANDAFURT,NC,45158,2020-07-28,ail
AIL0000452,HOME,46810 GREEN PARKWAYS SUITE 101,,NORTH ANTHONY,NV,39555,2019-12-19,ail
AIL0000453,HOME,4492 STONE GATEWAY,,SOUTH MATTHEWBURY,CT,43472,2023-02-17,ail
AIL0000454,MAILING,26611 ROGER CURVE SUITE 371,,PORT KIMBERLY,MN,89213,2006-04-09,ail
AIL0000455,MAILING,9767 DENNIS MALL APT. 282,,CHAPMANHAVEN,NM,93712,2006-05-24,ail
AIL0000456,HOME,377 JULIE POINTS,,ANDERSONHAVEN,MN,16067,2024-06-20,ail
AIL0000457,MAILING,82154 TURNER OVAL APT. 229,,RODRIGUEZSTAD,MT,06877,2022-11-15,ail
AIL0000458,HOME,701 JONES CAPE,,PAMELABOROUGH,MT,63569,2020-05-14,ail
AIL0000459,HOME,9228 GILL SHORES SUITE 251,,ARIELMOUTH,AS,82390,2024-06-27,ail
AIL0000460,MAILING,074 MICHELLE STATION APT. 948,,HUGHESFURT,SD,16725,2017-04-05,ail
AIL0000461,HOME,837 DAVID PLACE,,EAST STEPHANIESIDE,HI,02987,2020-04-24,ail
AIL0000462,MAILING,89569 TRAVIS BROOKS SUITE 626,,KRISTINBURY,AK,69694,2011-04-06,ail
AIL0000463,MAILING,82422 TATE DRIVES,,PATRICKLAND,ME,53883,2008-06-22,ail
AIL0000464,HOME,00461 THOMAS ISLANDS SUITE 610,,NORTH CHRISTINA,ID,31908,2023-11-30,ail
AIL0000465,MAILING,40578 JONES BURGS SUITE 304,,SOUTH WILLIAM,OH,77331,2020-11-15,ail
AIL0000466,MAILING,671 KRISTA DIVIDE SUITE 823,,EAST KATHRYNBERG,ND,56043,2014-05-01,ail
AIL0000467,MAILING,200 NELSON GLEN SUITE 539,,WILLIAMSMOUTH,MP,67390,2012-06-05,ail
AIL0000468,MAILING,1612 JOHNS FORDS,,BRANDONSIDE,RI,66668,2017-08-04,ail
AIL0000469,HOME,743 PETERSON MOUNT SUITE 020,,NICOLEMOUTH,PA,62960,2018-12-07,ail
AIL0000470,HOME,8118 PATRICIA VIA SUITE 156,,NORTH EMILYCHESTER,GU,79316,2022-11-10,ail
AIL0000471,MAILING,5370 JULIA TRACE,,PAULTOWN,KY,89702,2022-04-13,ail
AIL0000472,HOME,75047 ADRIAN VIEW,,JAMESPORT,SC,52416,2009-04-27,ail
AIL0000473,MAILING,83999 CAMERON CROSSROAD APT. 249,,PORT JOSHUAHAVEN,PR,30380,2022-05-07,ail
AIL0000474,MAILING,870 DAVIDSON RUN APT. 566,,JAMESTOWN,KY,16454,2024-05-26,ail
AIL0000475,MAILING,304 PATEL ISLAND,,SIMPSONHAVEN,AL,51862,2006-08-14,ail
AIL0000476,HOME,361 JAMES ISLE,,WEST CHRISTOPHER,ME,08738,2022-10-25,ail
AIL0000477,HOME,3173 WALL VIEW SUITE 831,,NORTH TIMOTHYTOWN,WI,79139,2015-02-13,ail
AIL0000478,MAILING,00651 BRYAN UNIONS,,DURANMOUTH,NV,07682,2018-11-14,ail
AIL0000479,HOME,08046 DAVIS TERRACE,,CHERYLCHESTER,MT,31055,2016-04-12,ail
AIL0000480,HOME,0785 DANIEL BRIDGE,,SOUTH PATRICKCHESTER,PA,93994,2014-10-26,ail
AIL0000481,HOME,845 OLSON RIVER,,NEW KRISTINEBOROUGH,NV,24870,2009-12-07,ail
AIL0000482,HOME,49685 SILVA PLAINS,,EAST LAURA,WI,19588,2011-09-08,ail
AIL0000483,MAILING,5089 BRIAN PARKWAYS APT. 653,,SOUTH KYLE,ID,84459,2005-12-09,ail
AIL0000484,MAILING,779 CHRISTIAN PORT,,PORT CASEY,MA,81254,2021-10-14,ail
AIL0000485,MAILING,0730 HEATHER MOUNTAIN,,ROBERTBURGH,RI,28437,2018-11-02,ail
AIL0000486,MAILING,636 MARGARET AVENUE SUITE 015,,SOUTH JESSICA,AK,73205,2025-11-29,ail
AIL0000487,MAILING,03342 NICOLE STRAVENUE APT. 583,,EAST KELLYBOROUGH,HI,26189,2010-08-16,ail
AIL0000488,HOME,261 BOYLE INLET,,EAST MEGANVILLE,NH,31977,2010-04-06,ail
AIL0000489,HOME,112 LAURA FIELDS SUITE 559,,LISABURGH,NE,83881,2015-02-09,ail
AIL0000490,HOME,425 BRIAN UNDERPASS,,NORTH KATHRYN,KY,17076,2023-02-12,ail
AIL0000491,MAILING,912 POTTER RUE SUITE 787,,CLARKLAND,HI,42683,2021-08-05,ail
AIL0000492,MAILING,4969 JAMIE FLATS SUITE 363,,ALICIAFORT,ME,56209,2013-01-17,ail
AIL0000493,MAILING,121 WALLACE KNOLL APT. 907,,DUNCANSTAD,NY,81913,2023-07-16,ail
AIL0000494,HOME,5754 JOHNSON MILLS APT. 415,,RONALDMOUTH,MH,11303,2024-01-21,ail
AIL0000495,HOME,3111 JOHNSON FLATS,,MEGANHAVEN,MA,26275,2018-03-27,ail
AIL0000496,HOME,928 SMITH HILLS,,JOHNVIEW,LA,45934,2019-09-01,ail
AIL0000497,MAILING,8263 JENNIFER FORDS,,BAUTISTASHIRE,NJ,31135,2015-06-04,ail
AIL0000498,HOME,53663 COLE POINT APT. 529,,SHARPMOUTH,VI,17323,2023-02-03,ail
AIL0000499,HOME,553 SIMMONS TERRACE SUITE 845,,SHERRYTOWN,OR,03547,2017-09-10,ail
AIL0000500,MAILING,3618 LOPEZ COVES SUITE 974,,EAST ERICMOUTH,CO,22969,2010-03-14,ail
AIL0000501,MAILING,23164 JESSE SHOALS APT. 705,,LAKE ANGELATON,NC,01948,2022-10-02,ail
AIL0000502,MAILING,2128 MENDOZA CLIFF SUITE 323,,WEST MICHELE,ME,57150,2007-04-26,ail
AIL0000503,MAILING,387 HARRIS DIVIDE SUITE 169,,MOORESHIRE,AS,32854,2017-10-15,ail
AIL0000504,MAILING,9014 REED VILLE SUITE 692,,RENEEFORT,MT,33155,2016-08-03,ail
AIL0000505,MAILING,2916 JOHN WAYS APT. 484,,NEW JESSICA,TN,09249,2023-05-01,ail
AIL0000506,MAILING,1185 HAYES GLEN,,SOUTH ROBERT,IL,66831,2014-11-13,ail
AIL0000507,MAILING,6360 JOHN STATION APT. 577,,SOUTH ANTHONYMOUTH,NH,09444,2009-03-12,ail
AIL0000508,HOME,4220 GREGORY CROSSING,,NEW DIANEMOUTH,ND,97683,2012-05-29,ail
AIL0000509,HOME,75230 SCOTT CAUSEWAY APT. 647,,JACKSONTOWN,AR,78908,2014-03-21,ail
AIL0000510,HOME,3310 JOHNSON BRIDGE,,NORTH KELSEYBOROUGH,MA,25686,2019-02-14,ail
AIL0000511,MAILING,206 LISA ISLANDS,,EAST SUSANVILLE,OH,82655,2016-08-03,ail
AIL0000512,MAILING,1331 MORRIS BRIDGE SUITE 506,,NEW JAMIE,IL,60633,2021-04-30,ail
AIL0000513,HOME,950 NICOLE LOOP SUITE 971,,NORTH DIANE,VT,70779,2024-06-14,ail
AIL0000514,MAILING,625 CYNTHIA SPURS SUITE 715,,WEST SUSAN,AK,80262,2022-03-20,ail
AIL0000515,HOME,09143 TODD RIVER,,REYESBURY,CO,08355,2015-03-04,ail
AIL0000516,MAILING,63039 STEVENSON ISLE,,WEST VICTOR,DC,36955,2016-09-22,ail
AIL0000517,MAILING,403 COOPER FORD APT. 339,,DAWNTON,VI,50503,2018-10-16,ail
AIL0000518,HOME,1302 DAVID EXTENSIONS,,ISAIAHTOWN,OR,72439,2019-10-16,ail
AIL0000519,MAILING,742 JOHN FALL APT. 449,,EAST WILLIAM,NV,83810,2019-07-25,ail
AIL0000520,MAILING,56627 HENDERSON RIDGE SUITE 270,,WEST MICHELLE,WV,50494,2014-08-16,ail
AIL0000521,MAILING,246 TORRES HAVEN,,DICKERSONPORT,MS,74182,2025-05-13,ail
AIL0000522,HOME,23008 HENRY MALL SUITE 567,,JONESBERG,ME,84524,2025-05-31,ail
AIL0000523,HOME,236 WISE TERRACE SUITE 875,,SOUTH NICOLEVILLE,UT,08064,2021-09-05,ail
AIL0000524,HOME,0502 JACOBS SPRINGS,,HOUSEBURY,FL,33831,2023-01-15,ail
AIL0000525,MAILING,11669 APRIL FIELD,,NEW BETH,FM,55937,2024-03-05,ail
AIL0000526,MAILING,869 GROSS TERRACE APT. 195,,PORT RONALD,GU,19206,2009-07-27,ail
AIL0000527,HOME,27011 WARREN SHOAL SUITE 622,,KAITLYNFURT,MN,24932,2010-09-10,ail
AIL0000528,MAILING,9323 KAREN VALLEYS,,EAST TOM,WV,25651,2019-10-15,ail
AIL0000529,MAILING,912 KELLY LANE APT. 415,,TONYACHESTER,AK,77262,2016-05-27,ail
AIL0000530,MAILING,04090 JASON TURNPIKE,,SOUTH TODD,AL,49740,2008-08-09,ail
AIL0000531,HOME,655 KEY VIADUCT APT. 566,,SARAHFORT,RI,08003,2015-07-31,ail
AIL0000532,HOME,6209 MISTY HARBORS,,MORGANVILLE,UT,98993,2021-04-02,ail
AIL0000533,MAILING,630 SMITH LAKE APT. 573,,WEST SHANNON,PA,64010,2018-05-27,ail
AIL0000534,HOME,7164 JENNIFER WAYS APT. 271,,STEVENSONLAND,ME,88720,2019-09-26,ail
AIL0000535,HOME,8333 KAREN SHOALS,,JACKSONMOUTH,UT,12223,2018-10-19,ail
AIL0000536,MAILING,6434 LYNN SKYWAY,,SOUTH VICTORIATOWN,DE,87726,2006-12-13,ail
AIL0000537,MAILING,53991 BENNETT STRAVENUE SUITE 863,,NEW CYNTHIA,IN,34460,2005-05-06,ail
AIL0000538,HOME,931 ANDERSON ISLAND SUITE 904,,WEST CHRISTOPHERLAND,AR,77841,2023-04-17,ail
AIL0000539,HOME,5289 DANIEL BRANCH SUITE 524,,PORT PAUL,MP,29193,2010-11-09,ail
AIL0000540,HOME,09548 JOSHUA VISTA SUITE 374,,FRAZIERBERG,VT,49876,2007-08-17,ail
AIL0000541,MAILING,027 EVANS VIA,,PORT MASONBOROUGH,TN,21366,2013-06-17,ail
AIL0000542,HOME,6618 CAMPBELL FIELDS SUITE 125,,NEW PHILIPCHESTER,WV,76573,2015-05-03,ail
AIL0000543,HOME,292 DOMINGUEZ HIGHWAY APT. 333,,PORT SARAHPORT,WA,85860,2009-12-11,ail
AIL0000544,MAILING,266 SARA COURT,,WEST JESSICASHIRE,MI,62612,2005-03-21,ail
AIL0000545,MAILING,626 AUSTIN GARDEN SUITE 749,,NORTH DAVID,HI,86064,2015-09-09,ail
AIL0000546,HOME,647 SMITH CRESCENT APT. 178,,PARSONSLAND,IN,03519,2021-09-26,ail
AIL0000547,HOME,7649 CORY CIRCLES,,HILLVILLE,VT,70953,2009-08-21,ail
AIL0000548,HOME,8887 APRIL PRAIRIE,,SOUTH LISA,ND,94053,2007-09-10,ail
AIL0000549,MAILING,208 MCBRIDE CROSSING,,PORT KARENVILLE,AZ,17385,2024-03-23,ail
AIL0000550,MAILING,11845 RODNEY SHOALS APT. 340,,LAKE EVAN,NC,38957,2024-10-05,ail
AIL0000551,HOME,598 HAILEY SHORE APT. 303,,TAYLORFORT,FL,39784,2017-12-08,ail
AIL0000552,MAILING,542 JONES GLENS,,EAST CARRIE,KS,50541,2012-10-15,ail
AIL0000553,HOME,628 CHAD STREET SUITE 359,,SOUTH STEPHEN,TN,85405,2015-04-27,ail
AIL0000554,MAILING,6093 JOSEPH PLACE APT. 861,,SOUTH LORRAINE,MA,84410,2007-04-06,ail
AIL0000555,HOME,40163 LYNN TUNNEL,,WEST REGINAVIEW,DE,23534,2015-07-29,ail
AIL0000556,HOME,594 LAWSON CAUSEWAY,,BRIANNAFORT,GA,42181,2013-05-08,ail
AIL0000557,MAILING,9240 DIANE DIVIDE SUITE 940,,WHITESIDE,PW,95583,2017-12-01,ail
AIL0000558,HOME,727 LINDSEY PARKWAY SUITE 468,,JASMINEBURY,VT,30485,2009-05-26,ail
AIL0000559,HOME,5111 SHIRLEY EXPRESSWAY APT. 148,,CYNTHIALAND,NM,01902,2008-12-17,ail
AIL0000560,HOME,8816 CHRISTINA VILLAGE APT. 685,,RHODESBERG,IA,97360,2015-12-01,ail
AIL0000561,HOME,15285 ROBERTO LIGHT,,NEW SHANEBURGH,GA,49428,2006-05-07,ail
AIL0000562,MAILING,4744 AARON ROADS,,WEST ROBINBURY,OK,52093,2012-07-04,ail
AIL0000563,MAILING,9705 CHRISTINA ISLE,,WEST SARAH,ME,46886,2012-11-16,ail
AIL0000564,HOME,0167 CHRISTOPHER PASSAGE APT. 617,,NORTH MICHAELBURGH,AL,20899,2012-12-19,ail
AIL0000565,HOME,5628 RODRIGUEZ MILL SUITE 225,,JEREMYFURT,WA,57381,2013-07-19,ail
AIL0000566,MAILING,40266 SANTANA ESTATES,,WEST NICOLEBOROUGH,TN,26583,2025-10-29,ail
AIL0000567,MAILING,416 PIERCE UNION APT. 568,,,VA,97742,2006-08-08,ail
AIL0000568,MAILING,25803 ERIKA JUNCTIONS,,ANDERSONVILLE,NE,78762,2018-07-31,ail
AIL0000569,HOME,63928 JOHN TRAFFICWAY APT. 436,,SOUTH TIMOTHYPORT,ID,62615,2016-09-07,ail
AIL0000570,HOME,231 RICHARD HARBOR,,LAKE JESSICABURGH,ID,19664,2010-08-24,ail
AIL0000571,MAILING,66843 MATTHEW NECK,,SMITHBOROUGH,AR,67329,2017-04-20,ail
AIL0000572,MAILING,5456 LUIS CAUSEWAY,,SCHNEIDERPORT,HI,05860,2018-11-12,ail
AIL0000573,MAILING,7491 LOPEZ OVERPASS,,NORTH DONNAMOUTH,MN,44316,2011-05-17,ail
AIL0000574,MAILING,5598 ALLEN HARBOR,,DANIELTOWN,IL,77089,2024-04-19,ail
AIL0000575,MAILING,910 JAMES MISSION,,MILLERVILLE,CT,10315,2017-04-21,ail
AIL0000576,MAILING,202 ROBERT STATION,,KEVINFORT,KS,73946,2019-02-26,ail
AIL0000577,HOME,1768 GARY HARBOR,,PATRICIAMOUTH,UT,17400,2017-02-07,ail
AIL0000578,MAILING,367 GABRIEL TERRACE,,BRANDONSHIRE,NY,50852,2005-03-28,ail
AIL0000579,MAILING,02939 NATASHA TURNPIKE,,MORALESVIEW,NY,60196,2005-03-10,ail
AIL0000580,MAILING,481 JEFFREY PLACE APT. 402,,KEVINBURY,FM,36907,2018-05-23,ail
AIL0000581,HOME,338 AARON KEY,,WEST MORGAN,SC,79820,2017-07-29,ail
AIL0000582,HOME,269 NGUYEN CENTERS APT. 534,,MARKSIDE,HI,34053,2006-10-11,ail
AIL0000583,HOME,649 LISA FORGES,,NEW DIANESHIRE,MD,35732,2011-05-22,ail
AIL0000584,HOME,627 JESSICA MEWS,,,MN,19943,2011-07-01,ail
AIL0000585,MAILING,23972 SMITH ESTATES APT. 693,,DAVISBURGH,CA,19312,2012-03-11,ail
AIL0000586,HOME,820 NICHOLAS BROOKS,,SOUTH JOHNFURT,DE,02277,2011-01-15,ail
AIL0000587,HOME,90018 FARRELL CORNER APT. 279,,EAST JOHNLAND,MH,58739,2009-11-15,ail
AIL0000588,MAILING,08481 MALLORY COVE,,WEST MARTIN,ND,39395,2022-10-02,ail
AIL0000589,MAILING,30366 MICHAEL HEIGHTS,,NEW OLIVIACHESTER,IN,90208,2006-08-08,ail
AIL0000590,HOME,13145 CHRISTINA CREST SUITE 109,,MCDANIELVILLE,FL,23840,2023-07-31,ail
AIL0000591,MAILING,49451 HENDRICKS SHORE SUITE 410,,MORENOBURGH,VI,19983,2010-07-18,ail
AIL0000592,HOME,711 MOYER HARBORS APT. 152,,WEST DYLAN,HI,50966,2009-09-04,ail
AIL0000593,MAILING,695 LEAH SHOAL APT. 668,,LUISCHESTER,NM,71115,2021-05-02,ail
AIL0000594,MAILING,96893 JOE ALLEY APT. 058,,PATELBURY,NJ,18011,2009-06-16,ail
AIL0000595,HOME,7286 JASON FORK,,NORTH RHONDASTAD,AR,98411,2010-04-18,ail
AIL0000596,HOME,26065 JACQUELINE SHORE,,,OR,10170,2010-06-15,ail
AIL0000597,HOME,52131 ASHLEY VIA,,MONROEBURGH,MT,20124,2022-04-16,ail
AIL0000598,MAILING,6570 RODRIGUEZ CIRCLE APT. 928,,SOUTH JULIA,GA,01925,2022-01-14,ail
AIL0000599,HOME,843 HUYNH GROVES APT. 862,,WALLMOUTH,WA,28270,2007-10-28,ail
AIL0000600,MAILING,89177 DELGADO LODGE SUITE 205,,MONTGOMERYBURY,SD,56104,2014-11-03,ail
AIL0000601,HOME,9503 MARTIN COVES,,WEST DANIEL,CA,28276,2020-11-06,ail
AIL0000602,MAILING,034 TIFFANY PORT,,PORT RENEEBOROUGH,AZ,74391,2012-10-19,ail
AIL0000603,HOME,0546 LEONARD LOCK,,WILLIAMSMOUTH,VA,47141,2006-07-19,ail
AIL0000604,MAILING,156 WAYNE TRAIL,,,FL,03605,2022-05-28,ail
AIL0000605,MAILING,27113 LINDSEY SHOAL APT. 288,,WOODSTON,VA,80289,2018-11-29,ail
AIL0000606,MAILING,5960 ALLEN RIDGE APT. 297,,SETHBERG,CT,02459,2020-04-28,ail
AIL0000607,HOME,1752 MARTIN HARBORS,,PORT MONICA,OK,48123,2007-06-24,ail
AIL0000608,MAILING,7472 TERESA OVAL APT. 546,,CHRISTOPHERBURGH,MT,81724,2005-09-14,ail
AIL0000609,MAILING,1687 RICH SPRINGS APT. 903,,SOUTH MICHAEL,UT,74006,2019-10-04,ail
AIL0000610,MAILING,96136 CALDWELL KEYS SUITE 787,,EAST MELISSAPORT,CT,11749,2009-12-14,ail
AIL0000611,HOME,3651 PETERSON RAPIDS SUITE 371,,LAKE DANIEL,KY,60083,2023-08-31,ail
AIL0000612,MAILING,359 VANESSA TRAIL,,NEW ERICFORT,MS,08679,2024-12-21,ail
AIL0000613,HOME,30644 CHRISTOPHER CLIFF,,KRISTINEFORT,KY,53594,2010-12-18,ail
AIL0000614,MAILING,342 CHRISTOPHER MEADOW SUITE 423,,WEST MORGANMOUTH,MI,55433,2016-08-26,ail
AIL0000615,HOME,9608 CHRISTIAN SHORES APT. 550,,ALVAREZBURGH,FL,60618,2010-07-31,ail
AIL0000616,MAILING,648 VANESSA VILLAGE,,SOUTH MICHELLE,PR,16979,2019-04-29,ail
AIL0000617,MAILING,33682 ROBINSON FORDS,,FOWLERSHIRE,ID,89581,2009-01-17,ail
AIL0000618,MAILING,8177 JENKINS KNOLL SUITE 851,,WEST LISATOWN,HI,60639,2025-12-09,ail
AIL0000619,MAILING,664 WALTERS SQUARES,,BROOKSSIDE,RI,13506,2019-03-16,ail
AIL0000620,MAILING,617 CYNTHIA PARKWAY,,PORT MARYLAND,OR,04778,2022-03-05,ail
AIL0000621,MAILING,8613 SAMPSON KEYS,,MELISSABOROUGH,WY,61311,2021-04-16,ail
AIL0000622,MAILING,3844 PARKER UNDERPASS,,ODONNELLFURT,PW,54858,2005-02-23,ail
AIL0000623,MAILING,00258 ROGERS PORTS SUITE 386,,NORTH RACHEL,ID,81276,2023-06-09,ail
AIL0000624,MAILING,62658 SAMUEL COURTS APT. 819,,POOLESHIRE,WY,51882,2005-11-06,ail
AIL0000625,HOME,11060 ANTHONY STATION APT. 960,,MARYBURGH,WA,96730,2010-10-01,ail
AIL0000626,HOME,33438 JESSICA VALLEY SUITE 404,,SOUTH CYNTHIA,CO,19345,2022-10-14,ail
AIL0000627,MAILING,9112 GREEN FALLS,,LAKE TRACIVILLE,CO,10643,2007-02-21,ail
AIL0000628,HOME,70617 JASON MANOR SUITE 572,,KIRKBOROUGH,HI,39659,2025-09-04,ail
AIL0000629,MAILING,99015 WEBB RIDGES,,,PA,72129,2007-09-15,ail
AIL0000630,MAILING,90808 JAVIER LAKES,,EAST AIMEEVIEW,DE,28938,2006-03-20,ail
AIL0000631,HOME,4731 ERICKSON RUN,,WEST DILLONLAND,LA,61717,2016-04-08,ail
AIL0000632,HOME,2346 BRANDY TRAFFICWAY,,GRAHAMFURT,OR,41341,2017-11-26,ail
AIL0000633,MAILING,7694 DEAN REST SUITE 639,,PORT JAMIE,MI,49516,2012-07-16,ail
AIL0000634,MAILING,649 SANDERS CRESCENT APT. 562,,SOUTH GARYTON,MI,32655,2016-04-03,ail
AIL0000635,MAILING,1050 LEWIS PORT,,EAST DIANESTAD,WY,42648,2013-11-13,ail
AIL0000636,MAILING,383 ANN STRAVENUE APT. 966,,NEW CARL,MD,42459,2022-06-04,ail
AIL0000637,MAILING,0461 SHAWN RAPID SUITE 963,,EAST BRANDON,OK,03288,2013-03-12,ail
AIL0000638,HOME,4260 MATTHEW BROOK,,ANDREWSHIRE,CA,62090,2012-11-04,ail
AIL0000639,HOME,5618 SNYDER CAUSEWAY SUITE 477,,PORT LEAHPORT,PR,84530,2023-05-09,ail
AIL0000640,MAILING,00215 PEREZ CORNERS,,PORT NATHANIELVILLE,ID,95411,2018-12-06,ail
AIL0000641,MAILING,040 BRANDON HOLLOW,,LISASIDE,CA,35068,2011-11-05,ail
AIL0000642,MAILING,229 WILSON ISLAND APT. 967,,HAILEYFURT,TN,16540,2017-04-04,ail
AIL0000643,MAILING,5731 MIRANDA STATION APT. 583,,NEW TIMOTHY,TN,85322,2020-09-03,ail
AIL0000644,MAILING,30376 TONY JUNCTIONS APT. 988,,LAKE CHRISTIAN,PR,41573,2011-05-16,ail
AIL0000645,MAILING,35679 KIMBERLY FIELD,,JEANETTEBERG,CA,36917,2006-06-30,ail
AIL0000646,MAILING,71130 LOPEZ BURGS,,MARTINPORT,NJ,87255,2005-06-06,ail
AIL0000647,HOME,6326 ROMERO CENTER,,BELLVILLE,NV,36229,2016-05-28,ail
AIL0000648,MAILING,43629 MORENO PARK SUITE 103,,COREYFURT,DE,29281,2016-03-25,ail
AIL0000649,HOME,18143 MYERS COURTS APT. 473,,NORTH PATTYSHIRE,GA,27184,2012-06-25,ail
AIL0000650,HOME,28974 GEORGE SPRINGS,,DANAPORT,CA,22343,2011-10-13,ail
AIL0000651,MAILING,76502 IBARRA EXTENSION,,WEST RACHEL,TX,01776,2024-09-16,ail
AIL0000652,MAILING,3710 ASHLEY HIGHWAY,,TARASHIRE,MP,30423,2011-04-15,ail
AIL0000653,MAILING,45775 ALVARADO GLEN,,PORT DWAYNE,MN,60630,2020-03-17,ail
AIL0000654,MAILING,48026 DONNA DIVIDE SUITE 703,,PORT MICHAELMOUTH,OK,97626,2012-01-04,ail
AIL0000655,MAILING,1487 JOSEPH SPRINGS,,HOWARDLAND,MI,43911,2020-05-05,ail
AIL0000656,HOME,09859 RYAN MOTORWAY SUITE 410,,LAWRENCEVIEW,NM,90354,2025-05-22,ail
AIL0000657,HOME,824 ROBERTS UNION SUITE 070,,SOUTH ERIN,IL,37596,2021-02-19,ail
AIL0000658,HOME,0042 KOCH TURNPIKE APT. 142,,NORTH TRACYTOWN,VA,26286,2024-09-28,ail
AIL0000659,MAILING,07536 ROSS COURTS SUITE 494,,RICHARDSLAND,HI,74413,2009-03-20,ail
AIL0000660,HOME,342 SPENCER HOLLOW,,SHELTONMOUTH,ME,11720,2018-09-26,ail
AIL0000661,MAILING,6128 BENSON PARKWAY,,ASHLEYMOUTH,TX,93902,2020-06-08,ail
AIL0000662,HOME,6708 SUSAN MANOR APT. 294,,TAYLORCHESTER,WY,32305,2024-02-11,ail
AIL0000663,HOME,62607 COMBS CORNER APT. 415,,DAVIDSIDE,PA,13267,2005-05-03,ail
AIL0000664,HOME,98038 ANNA PARK,,ARIANAMOUTH,DC,29801,2025-10-17,ail
AIL0000665,HOME,9311 ERIC CREST,,WEST COURTNEY,NC,13197,2014-08-04,ail
AIL0000666,MAILING,760 KEVIN ORCHARD,,EAST DALE,HI,31293,2013-11-03,ail
AIL0000667,MAILING,2022 GEORGE STREETS,,LORRAINEMOUTH,UT,72155,2022-08-26,ail
AIL0000668,HOME,7441 RICHARDSON HARBOR,,,MO,51071,2010-07-06,ail
AIL0000669,HOME,47196 BEVERLY BYPASS,,SOUTH ROBERTCHESTER,SD,85753,2019-02-23,ail
AIL0000670,HOME,7402 MASON WALL,,WILLIAMSSTAD,NY,28128,2008-09-25,ail
AIL0000671,MAILING,868 GREG DRIVE SUITE 957,,,VT,18856,2019-06-29,ail
AIL0000672,MAILING,76792 ANDERSON ISLANDS SUITE 996,,KRISTENPORT,CA,06389,2020-08-12,ail
AIL0000673,MAILING,177 WOLF TRAIL,,PORT JESSICABURY,AS,96530,2015-03-06,ail
AIL0000674,HOME,661 CHERYL CRESCENT,,NORTH RACHEL,AZ,98796,2012-04-08,ail
AIL0000675,HOME,1762 JAMES OVERPASS,,SOUTH KATHRYNTOWN,NV,89479,2006-11-30,ail
AIL0000676,MAILING,319 CRYSTAL SKYWAY APT. 302,,JEREMIAHBURGH,MH,01187,2008-08-02,ail
AIL0000677,HOME,2873 ASHLEY MOUNTAINS,,KIMSHIRE,NY,46652,2019-10-17,ail
AIL0000678,HOME,76619 DAVID PATH,,CHRISTINESIDE,ME,13727,2022-03-29,ail
AIL0000679,MAILING,34465 MONIQUE ESTATE SUITE 189,,SOUTH JERRYSIDE,IA,68364,2022-03-03,ail
AIL0000680,HOME,740 MATTHEW GREEN,,REGINALDTON,ID,44349,2024-10-19,ail
AIL0000681,MAILING,71990 ZAVALA MALL,,EAST JAMESMOUTH,PA,97401,2018-06-27,ail
AIL0000682,MAILING,010 ROMERO RUN SUITE 674,,NEW TIMOTHYBERG,WY,30353,2023-07-06,ail
AIL0000683,MAILING,087 PAUL LANE APT. 668,,NORTH ANTHONYBOROUGH,DC,15650,2019-12-18,ail
AIL0000684,HOME,56033 BRIANNA FORKS SUITE 890,,WILSONSTAD,AS,02453,2014-05-09,ail
AIL0000685,MAILING,72405 MORRISON GARDENS,,PORT BRIAN,LA,17503,2015-03-20,ail
AIL0000686,HOME,48375 SCOTT HOLLOW,,MENDOZAVILLE,MN,72774,2023-05-26,ail
AIL0000687,MAILING,8810 MCCULLOUGH SQUARES SUITE 413,,MISTYBURY,PW,18475,2008-01-08,ail
AIL0000688,MAILING,52037 BENTON BROOKS,,WEST JUDY,NM,04925,2009-09-09,ail
AIL0000689,HOME,04967 MICHELLE LIGHTS SUITE 033,,JOSHUAFURT,MS,24674,2020-06-12,ail
AIL0000690,HOME,509 LIVINGSTON GREENS,,PATELPORT,AS,99239,2010-10-29,ail
AIL0000691,HOME,0186 GARRISON PLACE SUITE 699,,PORT ANTHONY,WI,68515,2016-02-19,ail
AIL0000692,MAILING,320 MARSH HARBOR APT. 384,,FRANCISCOFURT,MA,75353,2011-07-08,ail
AIL0000693,MAILING,4901 CARROLL ISLANDS SUITE 277,,JOHNSONVIEW,AK,58160,2018-10-20,ail
AIL0000694,MAILING,836 BETHANY COMMON SUITE 985,,SOUTH BENJAMINSTAD,CA,58230,2019-05-15,ail
AIL0000695,HOME,7232 MONICA SHOAL APT. 310,,WEST KATIE,HI,90212,2012-04-07,ail
AIL0000696,MAILING,44058 CAROLINE KEYS,,RILEYTON,CT,10656,2005-08-27,ail
AIL0000697,MAILING,59561 LIU DIVIDE,,WILSONLAND,AK,43301,2022-11-19,ail
AIL0000698,HOME,4902 WILLIAMS DRIVE APT. 193,,MATTHEWCHESTER,AS,41540,2012-07-08,ail
AIL0000699,HOME,261 SUSAN FORK,,SHELBYFURT,OK,66495,2021-04-05,ail
AIL0000700,HOME,788 STEWART FIELDS,,RYANVILLE,MP,75899,2024-12-01,ail
AIL0000701,MAILING,3751 SEAN LODGE,,RHONDAMOUTH,MN,10946,2013-06-01,ail
AIL0000702,MAILING,793 HARTMAN FORKS APT. 836,,ANNLAND,TX,77146,2022-07-19,ail
AIL0000703,HOME,5116 WAGNER DRIVE SUITE 327,,NEW JORGE,AL,22360,2024-09-02,ail
AIL0000704,MAILING,120 JOHNSON EXPRESSWAY APT. 288,,SOUTH JOSESIDE,PW,51371,2007-07-09,ail
AIL0000705,MAILING,415 VARGAS RIDGES,,GOMEZFURT,CT,95158,2015-10-29,ail
AIL0000706,HOME,7647 JESSICA STREAM APT. 209,,NORTH JOANNESTAD,OR,48981,2022-05-25,ail
AIL0000707,HOME,941 KENNETH JUNCTIONS,,GRAYMOUTH,AR,74442,2021-04-02,ail
AIL0000708,MAILING,20368 ANDREWS RIDGES SUITE 154,,MITCHELLFURT,GA,16039,2005-12-27,ail
AIL0000709,MAILING,44913 THOMAS FORD,,JOSHUAMOUTH,OH,67177,2021-09-21,ail
AIL0000710,MAILING,830 WALL BURG,,NORTH CARMEN,MN,27127,2009-04-27,ail
AIL0000711,HOME,782 PHILLIPS CREEK APT. 767,,SHELLYSHIRE,KS,11886,2008-07-14,ail
AIL0000712,HOME,1315 WILLIAM HARBOR,,WEST JESSICA,NH,83158,2012-11-09,ail
AIL0000713,MAILING,85380 JOHN RADIAL SUITE 334,,LAKE HAILEYTON,NJ,20349,2011-12-26,ail
AIL0000714,HOME,31830 JONES POINT APT. 206,,CERVANTESFORT,UT,34982,2020-02-25,ail
AIL0000715,HOME,8243 CONTRERAS OVERPASS SUITE 958,,WELCHBURY,NJ,39221,2024-12-28,ail
AIL0000716,MAILING,5361 STEVEN ISLAND APT. 562,,EAST DANIELPORT,WI,63905,2012-01-04,ail
AIL0000717,MAILING,4836 ANNA ISLANDS,,BURKEBURY,KS,88973,2022-02-23,ail
AIL0000718,MAILING,4047 MATTHEW VIADUCT APT. 476,,ROBERTMOUTH,IN,75540,2011-12-18,ail
AIL0000719,MAILING,952 STEPHANIE BROOKS,,NEW JAMIE,AS,50201,2018-11-02,ail
AIL0000720,HOME,083 NICHOLS ESTATE,,PORT JANETSTAD,MP,70716,2015-03-03,ail
AIL0000721,HOME,55638 SHELBY CAMP APT. 818,,HEATHBURY,MO,64057,2023-12-21,ail
AIL0000722,MAILING,304 LISA LANE,,EAST JUSTINTOWN,SD,53028,2023-05-04,ail
AIL0000723,HOME,11860 JULIA PLAINS APT. 196,,PORT JOY,ID,79890,2014-04-10,ail
AIL0000724,HOME,4731 COSTA PORTS,,KRISTENCHESTER,NJ,49860,2023-04-04,ail
AIL0000725,HOME,1368 WEBB SQUARES APT. 607,,,VA,52096,2010-04-19,ail
AIL0000726,MAILING,173 RAY FORT SUITE 579,,,CT,84756,2018-05-16,ail
AIL0000727,MAILING,237 CHRISTOPHER LODGE,,MARTINLAND,RI,62565,2006-07-25,ail
AIL0000728,MAILING,4520 BARKER RAPID SUITE 043,,NORTH KATRINA,WV,74217,2019-06-20,ail
AIL0000729,MAILING,7788 SAMANTHA MANORS,,GARDNERMOUTH,UT,10659,2019-04-09,ail
AIL0000730,MAILING,123 KANE CRESCENT,,MARTINEZTOWN,AZ,56099,2017-12-18,ail
AIL0000731,HOME,86604 RYAN HILL SUITE 859,,JACKSONHAVEN,FM,49211,2020-03-29,ail
AIL0000732,HOME,589 KENNEDY FORDS,,EAST KELLY,MA,98380,2018-01-26,ail
AIL0000733,HOME,56227 VICTORIA AVENUE SUITE 331,,EAST ALICE,ND,60609,2025-03-18,ail
AIL0000734,HOME,58350 JOSHUA VIEW,,CODYMOUTH,PW,56359,2024-04-26,ail
AIL0000735,HOME,831 DAKOTA FORGE SUITE 249,,MICHAELFURT,CT,17108,2013-08-02,ail
AIL0000736,HOME,973 AARON FORT APT. 192,,RIVERASHIRE,FL,22104,2013-08-17,ail
AIL0000737,MAILING,28767 TURNER TRACE,,BAXTERMOUTH,DE,32059,2005-05-09,ail
AIL0000738,HOME,4858 NICOLE VILLE APT. 242,,BENNETTFURT,MP,57811,2008-01-30,ail
AIL0000739,MAILING,652 MICHELLE WALK,,HENRYVIEW,NH,88324,2015-03-12,ail
AIL0000740,MAILING,5203 WARD FIELDS,,JESSICABOROUGH,AL,77333,2009-03-03,ail
