policy_number,bank_name,routing_number,account_number,account_type,effective_date,org_code
AIL0000001,MURPHY-BARTLETT,123425640,1500186829,CHECKING,2012-05-15,ail
AIL0000002,SHAW-SMITH,893260250,8312603168,SAVINGS,2024-04-03,ail
AIL0000003,JOHNSON-HILL,606257674,2042086420,SAVINGS,2019-10-30,ail
AIL0000004,SANDERS-FORBES,711421299,2682482133,SAVINGS,2010-12-14,ail
AIL0000005,"KING, GARRETT AND MADDOX",108454944,9585752886,CHECKING,2022-06-14,ail
AIL0000006,ROY GROUP,623445398,7011581434,SAVINGS,2021-04-24,ail
AIL0000007,"CHEN, HENRY AND WELLS",349006937,4067853612,CHECKING,2015-09-29,ail
AIL0000008,"CHRISTENSEN, AGUIRRE AND JOHNSON",553123931,7770600848,CHECKING,2018-08-24,ail
AIL0000009,SALAZAR LTD,387600528,3032971126,SAVINGS,2018-05-26,ail
AIL0000010,THORNTON AND SONS,768615479,6784307829,SAVINGS,2024-02-17,ail
AIL0000011,MILLER INC,122341268,5987889148,CHECKING,2014-04-13,ail
AIL0000012,RAMOS LTD,603843081,6771780593,CHECKING,2010-09-20,ail
AIL0000013,EDWARDS PLC,645069951,8116581001,CHECKING,2007-02-03,ail
AIL0000014,LUCERO-LEE,415029454,6184921425,CHECKING,2018-02-26,ail
AIL0000015,"MCLAUGHLIN, COOK AND POWERS",816246415,3073995755,CHECKING,2021-10-30,ail
AIL0000016,HURST-JACKSON,314194552,3113921661,SAVINGS,2012-11-20,ail
AIL0000017,"BOWEN, DIAZ AND SMITH",630133267,2304174972,CHECKING,2023-12-18,ail
AIL0000018,"POWELL, MONROE AND CALDWELL",697892214,5372837607,SAVINGS,2017-08-01,ail
AIL0000019,LEE PLC,483372937,3907383020,CHECKING,2020-07-21,ail
AIL0000020,DANIEL INC,989003129,3162425423,CHECKING,2012-11-15,ail
AIL0000021,RAMOS LLC,462639932,2849500820,CHECKING,2005-09-09,ail
AIL0000022,"GONZALEZ, WAGNER AND THOMPSON",229587788,3413691946,SAVINGS,2008-07-13,ail
AIL0000023,"WILKINSON, EVERETT AND COLLINS",376834410,9562716638,SAVINGS,2008-06-28,ail
AIL0000024,"BELL, PETERSON AND CARROLL",926108943,3875420006,CHECKING,2019-11-06,ail
AIL0000025,"MILLER, CONRAD AND DAVIS",570112847,8726589846,CHECKING,2012-09-28,ail
AIL0000026,WHITE INC,213700517,3415802569,CHECKING,2006-01-08,ail
AIL0000027,STEWART LTD,279364596,3705512079,CHECKING,2009-09-27,ail
AIL0000028,WANG INC,488306318,7467776722,CHECKING,2008-12-10,ail
AIL0000029,LITTLE GROUP,265673777,8074210432,SAVINGS,2019-12-26,ail
AIL0000030,WILEY AND SONS,979567192,1591728242,CHECKING,2006-09-30,ail
AIL0000031,HOOD-MAY,571489117,9459525070,CHECKING,2012-04-14,ail
AIL0000032,BURGESS LTD,363406114,7329335818,SAVINGS,2010-06-17,ail
AIL0000033,COLLINS GROUP,642264030,1735563832,SAVINGS,2021-09-23,ail
AIL0000034,"MITCHELL, RAMIREZ AND CUNNINGHAM",499900489,7077415683,CHECKING,2016-06-09,ail
AIL0000035,PEREZ-LOPEZ,262791297,7569797910,CHECKING,2009-06-05,ail
AIL0000036,THOMPSON LLC,248170281,8738537544,SAVINGS,2016-01-31,ail
AIL0000037,WOLFE-BAKER,539492534,9152128221,SAVINGS,2024-10-13,ail
AIL0000038,KELLY-COX,131957698,2900861022,CHECKING,2008-05-21,ail
AIL0000039,"MILLS, GALLEGOS AND MCDANIEL",870544763,5052915145,CHECKING,2018-04-07,ail
AIL0000040,JOHNSON PLC,463250759,6647042627,CHECKING,2023-08-28,ail
AIL0000041,MOORE-CARROLL,566081562,5558971767,CHECKING,2015-05-19,ail
AIL0000042,"HAMILTON, BREWER AND FLEMING",808858764,3467704659,SAVINGS,2019-08-15,ail
AIL0000043,CLARK-LYONS,550225634,8484828793,SAVINGS,2015-02-08,ail
AIL0000044,"ARNOLD, PAUL AND ADAMS",108484954,8846920528,CHECKING,2010-07-23,ail
AIL0000045,"AYALA, SCOTT AND MCDONALD",851936102,7029868098,CHECKING,2011-05-07,ail
AIL0000046,WEEKS PLC,684572202,8081357418,CHECKING,2012-07-04,ail
AIL0000047,"WELCH, ALVAREZ AND MCDONALD",423766892,1361983810,SAVINGS,2021-03-26,ail
AIL0000048,WATSON-GRAY,518752374,2219460880,CHECKING,2011-12-17,ail
AIL0000049,"VALENZUELA, MORRIS AND GARCIA",649403202,7664869472,SAVINGS,2013-06-13,ail
AIL0000050,BOOTH-SMITH,912872297,3730248478,CHECKING,2020-01-15,ail
AIL0000051,ALVAREZ-ROGERS,129947975,2111065867,SAVINGS,2022-03-09,ail
AIL0000052,LOPEZ LLC,880083367,3170137829,CHECKING,2007-04-09,ail
AIL0000053,MARTIN-PAYNE,500483008,7474660539,CHECKING,2012-07-21,ail
AIL0000054,GONZALES PLC,151252777,5043037541,SAVINGS,2019-01-05,ail
AIL0000055,WATKINS-NEAL,419933307,5317358673,SAVINGS,2010-04-30,ail
AIL0000056,"ROSS, FLOWERS AND KING",353507570,3557863130,SAVINGS,2023-02-20,ail
AIL0000057,BURKE-OLSON,421265286,3888081200,SAVINGS,2011-04-28,ail
AIL0000058,EVANS-ARELLANO,657987812,4167591308,CHECKING,2008-02-08,ail
AIL0000059,HINES PLC,452022995,8638811983,SAVINGS,2007-04-21,ail
AIL0000060,FISHER LLC,205213639,2769753981,CHECKING,2008-04-22,ail
AIL0000061,"MORALES, JOHNSON AND HUNT",166779947,5853585011,CHECKING,2025-11-14,ail
AIL0000062,TANNER-SANFORD,579065046,5630286975,SAVINGS,2006-10-31,ail
AIL0000063,"GONZALEZ, COMPTON AND WALTON",731617307,8639993987,SAVINGS,2022-10-01,ail
AIL0000064,ALVARADO INC,727391402,9475140777,CHECKING,2008-02-11,ail
AIL0000065,PARKER AND SONS,254990533,3172333857,SAVINGS,2008-05-09,ail
AIL0000066,ELLIS-MARTIN,863592104,2965861527,CHECKING,2011-10-04,ail
AIL0000067,HOPKINS AND SONS,845682242,6208260061,SAVINGS,2025-04-20,ail
AIL0000068,TURNER INC,135011913,4206177239,SAVINGS,2011-07-15,ail
AIL0000069,YOUNG AND SONS,227524085,2755008946,CHECKING,2019-11-26,ail
AIL0000070,DAVIS-SANCHEZ,496839906,7750678214,CHECKING,2016-05-21,ail
AIL0000071,"PETERS, ROWE AND SMITH",661328067,1658437876,SAVINGS,2013-05-17,ail
AIL0000072,COOPER GROUP,427410286,9551366213,SAVINGS,2019-02-03,ail
AIL0000073,"MCDANIEL, HALE AND DURHAM",415660014,3087034313,CHECKING,2012-11-26,ail
AIL0000074,"BENNETT, FORD AND SANCHEZ",252621455,2811432415,SAVINGS,2009-02-02,ail
AIL0000075,HUGHES LLC,404386805,1925915326,SAVINGS,2022-09-29,ail
AIL0000076,ROSS LLC,102239566,2497435811,CHECKING,2017-03-07,ail
AIL0000077,WEISS-CROSS,548367904,6915482645,CHECKING,2024-05-03,ail
AIL0000078,CARLSON-FERGUSON,918138906,8028543315,SAVINGS,2014-10-20,ail
AIL0000079,FREEMAN-YANG,816422822,2928761313,SAVINGS,2020-07-10,ail
AIL0000080,"JOHNSON, BLACKWELL AND THOMPSON",195901227,7054307581,CHECKING,2006-10-09,ail
AIL0000081,WOOD LLC,524554436,9696467331,SAVINGS,2007-04-21,ail
AIL0000082,"MORROW, BISHOP AND WALTON",702416787,3770939734,CHECKING,2020-06-21,ail
AIL0000083,BREWER AND SONS,306616625,4253932355,CHECKING,2019-05-06,ail
AIL0000084,LOPEZ-CLARK,905906132,4852002754,CHECKING,2008-08-03,ail
AIL0000085,DAVIS-CRUZ,806795289,5376458227,CHECKING,2006-07-05,ail
AIL0000086,SIMMONS LLC,363374581,7784127397,CHECKING,2008-06-10,ail
AIL0000087,HUGHES-NICHOLSON,966424854,6671208652,CHECKING,2013-12-05,ail
AIL0000088,GREEN GROUP,627715157,5394882203,SAVINGS,2016-08-12,ail
AIL0000089,MARTIN LTD,293818994,2782138375,SAVINGS,2018-09-22,ail
AIL0000090,"FLOWERS, MARSHALL AND MILLER",510181168,2104570218,CHECKING,2015-02-21,ail
AIL0000091,"OCONNOR, RIOS AND SULLIVAN",206658672,3326924276,SAVINGS,2023-12-19,ail
AIL0000092,MARTIN AND SONS,254655603,6079524369,CHECKING,2024-02-05,ail
AIL0000093,"HUNTER, PARKS AND SMITH",265600378,1726670039,SAVINGS,2016-05-30,ail
AIL0000094,"CHOI, MORALES AND WISE",294838874,9706633966,CHECKING,2013-02-04,ail
AIL0000095,COLEMAN-HARMON,420001194,2674778305,SAVINGS,2006-06-23,ail
AIL0000096,MUNOZ GROUP,252965855,6687472117,SAVINGS,2022-04-02,ail
AIL0000097,"WATSON, WELLS AND ROGERS",988780552,4863329536,CHECKING,2020-04-03,ail
AIL0000098,"BONILLA, RODRIGUEZ AND WHITE",317496560,6310688903,SAVINGS,2007-11-24,ail
AIL0000099,SCHMIDT-REYES,223567680,2156581143,SAVINGS,2008-08-19,ail
AIL0000100,"MILLER, SMITH AND VAUGHAN",599100469,7670604282,CHECKING,2010-08-15,ail
AIL0000101,"LAWRENCE, GONZALEZ AND HESS",619875201,5419119519,CHECKING,2018-10-13,ail
AIL0000102,"BRENNAN, GRAHAM AND MARSHALL",119996117,3899521378,CHECKING,2019-10-11,ail
AIL0000103,MARTINEZ GROUP,919241705,4372469277,SAVINGS,2006-10-28,ail
AIL0000104,RICHARDSON-SMALL,710149111,7041927717,CHECKING,2022-03-15,ail
AIL0000105,"WOOD, SIMMONS AND LEONARD",782683973,3149340695,CHECKING,2019-05-26,ail
AIL0000106,DANIELS AND SONS,500833429,9386407362,SAVINGS,2006-05-06,ail
AIL0000107,KELLY-SMITH,144873906,5175059577,CHECKING,2024-04-28,ail
AIL0000108,EVANS-JOHNSON,164612445,7365941525,SAVINGS,2017-08-07,ail
AIL0000109,HOWARD INC,830142077,3715308155,SAVINGS,2006-02-19,ail
AIL0000110,"RODGERS, WRIGHT AND MILLER",148838858,5595336790,CHECKING,2008-08-01,ail
AIL0000111,MARTINEZ AND SONS,524455403,3999731058,CHECKING,2016-03-05,ail
AIL0000112,"SNYDER, OROZCO AND REED",878542046,2855264537,SAVINGS,2016-05-03,ail
AIL0000113,BARKER-SANCHEZ,832400367,9355465756,SAVINGS,2011-04-24,ail
AIL0000114,"HOOVER, CARROLL AND WILLIAMS",908199028,8334747974,SAVINGS,2005-03-08,ail
AIL0000115,WATSON-THOMAS,364063487,6676393078,CHECKING,2013-12-26,ail
AIL0000116,"LITTLE, MACIAS AND REYES",593705781,2410713142,CHECKING,2015-02-07,ail
AIL0000117,"MILLER, PENNINGTON AND CURRY",794113197,4961067014,SAVINGS,2013-11-01,ail
AIL0000118,MORALES-WHITE,104594803,4871676777,CHECKING,2009-06-19,ail
AIL0000119,"SCOTT, DELGADO AND ANDRADE",543630426,3797168211,CHECKING,2021-01-02,ail
AIL0000120,SANFORD-LEON,993443242,5825033229,SAVINGS,2012-05-10,ail
AIL0000121,"GREEN, TURNER AND PALMER",988485748,7877577855,SAVINGS,2012-07-18,ail
AIL0000122,BENSON INC,290252696,5225369518,CHECKING,2013-04-06,ail
AIL0000123,BERRY-LEWIS,596812325,6123856711,CHECKING,2025-02-27,ail
AIL0000124,HILL-BARKER,337856110,4191781111,SAVINGS,2018-02-02,ail
AIL0000125,HILL LTD,830739665,2536829594,CHECKING,2013-07-12,ail
AIL0000126,JACOBS AND SONS,976474860,4082968468,CHECKING,2005-06-05,ail
AIL0000127,"MITCHELL, SMITH AND CLARK",630223017,9449474170,CHECKING,2025-08-24,ail
AIL0000128,SANDOVAL-HILL,401459841,3602866012,CHECKING,2016-08-20,ail
AIL0000129,GEORGE-DAUGHERTY,310546588,8037029503,CHECKING,2008-11-19,ail
AIL0000130,DAVIS-WALKER,397799667,3121762474,CHECKING,2020-04-08,ail
AIL0000131,"NGUYEN, BROWN AND ROBERTS",808496105,1753890647,CHECKING,2011-09-12,ail
AIL0000132,"LYNCH, MURRAY AND FISHER",900982881,1279384728,SAVINGS,2015-12-20,ail
AIL0000133,"MURPHY, PRICE AND SPEARS",711928993,4674254156,SAVINGS,2017-11-11,ail
AIL0000134,COOPER LLC,305999029,7934038104,SAVINGS,2011-07-08,ail
AIL0000135,CARSON-HERNANDEZ,102099126,9323175775,CHECKING,2019-09-18,ail
AIL0000136,"PORTER, PATEL AND JACKSON",446817822,9568917078,SAVINGS,2011-02-04,ail
AIL0000137,SCOTT-JOHNSON,230693381,7298942042,SAVINGS,2016-11-29,ail
AIL0000138,"FAULKNER, WELCH AND HOFFMAN",655400377,4259973452,CHECKING,2015-08-06,ail
AIL0000139,MILLER-ADKINS,150427906,7222812754,CHECKING,2019-08-24,ail
AIL0000140,"WOOD, CARTER AND STEWART",520755279,6130802891,CHECKING,2025-05-13,ail
AIL0000141,"MCDONALD, MOORE AND RICHARDS",713986637,4468928756,CHECKING,2008-12-05,ail
AIL0000142,"BELL, REYNOLDS AND FORBES",840397560,2073673810,CHECKING,2016-02-11,ail
AIL0000143,POTTER LLC,453502263,2334901018,CHECKING,2017-09-27,ail
AIL0000144,"MANNING, FRITZ AND BROOKS",129928143,7356407384,CHECKING,2016-10-05,ail
AIL0000145,"ANDERSON, LAWSON AND ATKINSON",736225068,9311022862,SAVINGS,2009-04-29,ail
AIL0000146,FOSTER AND SONS,365379125,5758139376,CHECKING,2012-07-24,ail
AIL0000147,DUNCAN AND SONS,465933326,4575635519,SAVINGS,2014-02-04,ail
AIL0000148,WANG LTD,657996830,4410681286,CHECKING,2008-02-26,ail
AIL0000149,PIERCE-BELL,932954653,1536125194,CHECKING,2010-12-28,ail
AIL0000150,BARNES PLC,135802499,6915867055,CHECKING,2010-04-20,ail
AIL0000151,FLORES-COX,940360006,1547762075,SAVINGS,2025-01-28,ail
AIL0000152,BECK LTD,158829061,7984412292,CHECKING,2007-12-31,ail
AIL0000153,"GILL, STEWART AND NICHOLS",209336534,3910117187,CHECKING,2025-06-22,ail
AIL0000154,PEREZ-POWELL,416664467,8945385914,SAVINGS,2020-04-05,ail
AIL0000155,MITCHELL-MIDDLETON,202896950,2765695439,CHECKING,2025-07-29,ail
AIL0000156,BRADSHAW AND SONS,586846620,6943891262,SAVINGS,2008-09-09,ail
AIL0000157,ROBERTS-PATEL,765946168,3659574996,SAVINGS,2025-02-28,ail
AIL0000158,HINES-DOUGLAS,798921553,4362655061,SAVINGS,2006-04-18,ail
AIL0000159,"SOLOMON, REYES AND DELGADO",655353112,1826700966,CHECKING,2021-09-23,ail
AIL0000160,JENKINS-FIELDS,113194760,9880035879,CHECKING,2017-02-20,ail
AIL0000161,"WALKER, LYNCH AND GORDON",715481841,7480667587,SAVINGS,2022-04-01,ail
AIL0000162,GREENE LTD,552052831,7961501559,CHECKING,2015-01-23,ail
AIL0000163,DOUGHERTY-NGUYEN,361082984,1189282613,CHECKING,2024-04-18,ail
AIL0000164,JACKSON LTD,434649743,7805471449,SAVINGS,2009-12-30,ail
AIL0000165,COHEN-CRANE,434135828,1625453276,SAVINGS,2017-03-19,ail
AIL0000166,PAUL LTD,431436631,7886247727,SAVINGS,2009-03-25,ail
AIL0000167,ARNOLD-BOYER,496028184,5167282477,CHECKING,2005-05-09,ail
AIL0000168,ELLIS LTD,161544356,5529503814,SAVINGS,2020-01-28,ail
AIL0000169,THOMPSON LTD,309816802,5194081855,CHECKING,2024-05-16,ail
AIL0000170,MORRIS LLC,943170597,5588759271,CHECKING,2012-02-26,ail
AIL0000171,KLINE AND SONS,817109365,8268862104,SAVINGS,2024-08-27,ail
AIL0000172,"MURRAY, SANCHEZ AND MORRISON",761535711,6581875190,SAVINGS,2018-04-09,ail
AIL0000173,ROBLES GROUP,274246814,5745285588,CHECKING,2019-06-07,ail
AIL0000174,"DAVIDSON, LARA AND MASSEY",632501508,9605813398,CHECKING,2009-02-15,ail
AIL0000175,SANCHEZ LTD,844339911,6283986629,CHECKING,2015-05-22,ail
AIL0000176,SMITH INC,356644737,8793873887,SAVINGS,2010-09-20,ail
AIL0000177,"RHODES, CAMACHO AND COWAN",320456760,2719329399,CHECKING,2021-04-02,ail
AIL0000178,JONES-BUTLER,489571951,1042486233,SAVINGS,2009-03-22,ail
AIL0000179,WARE-MEDINA,132231138,3382382306,CHECKING,2025-05-06,ail
AIL0000180,"FRANK, HOLLAND AND FERGUSON",412003832,2891538480,SAVINGS,2007-08-20,ail
AIL0000181,GONZALES LTD,147142443,5188921469,CHECKING,2010-05-15,ail
AIL0000182,CARTER GROUP,312412969,2220204027,CHECKING,2013-01-22,ail
AIL0000183,"MACK, COX AND MORAN",381319126,4087380028,SAVINGS,2021-03-16,ail
AIL0000184,"SOTO, ALEXANDER AND COBB",695395166,2056408479,CHECKING,2014-04-14,ail
AIL0000185,THOMAS LLC,123076889,1434608701,CHECKING,2018-02-06,ail
AIL0000186,"MOLINA, RODRIGUEZ AND JACKSON",506865213,4801095574,SAVINGS,2023-09-10,ail
AIL0000187,DOUGLAS-THOMAS,325740666,6605243179,CHECKING,2021-03-25,ail
AIL0000188,POPE AND SONS,496898624,8771690787,CHECKING,2021-02-26,ail
AIL0000189,DAVIS-MAY,665783275,9081684463,CHECKING,2016-10-02,ail
AIL0000190,ELLIS LTD,227231238,4969217513,CHECKING,2014-04-02,ail
AIL0000191,GOODWIN-SHERMAN,305816222,7582272381,SAVINGS,2016-05-05,ail
AIL0000192,PHILLIPS-WALLACE,441397938,7870011337,CHECKING,2005-05-09,ail
AIL0000193,LYONS-CARROLL,149601706,3522545423,SAVINGS,2011-03-01,ail
AIL0000194,"JOHNSON, TAYLOR AND BOYD",947813439,5933057363,CHECKING,2007-05-27,ail
AIL0000195,WALKER LLC,157186389,3100198814,CHECKING,2023-04-15,ail
AIL0000196,"COX, CARTER AND DUFFY",942527868,1278627610,SAVINGS,2015-04-19,ail
AIL0000197,BRADLEY LLC,906710856,6902427921,SAVINGS,2019-08-31,ail
AIL0000198,MARQUEZ-NUNEZ,292198192,8277863632,SAVINGS,2019-04-14,ail
AIL0000199,MANNING LTD,608693948,1157215100,CHECKING,2024-03-30,ail
AIL0000200,THOMAS LLC,317970120,6301641456,CHECKING,2024-11-27,ail
AIL0000201,SCOTT-PEREZ,428563967,8913183466,SAVINGS,2011-04-16,ail
AIL0000202,AGUILAR AND SONS,691150686,1364036788,CHECKING,2008-03-27,ail
AIL0000203,"SMITH, DIAZ AND ROMERO",416805398,2510002930,CHECKING,2013-09-23,ail
AIL0000204,"SULLIVAN, MONTGOMERY AND JACKSON",599561727,6739682547,SAVINGS,2020-06-17,ail
AIL0000205,SCHNEIDER-MATTHEWS,602029048,7152564962,SAVINGS,2006-09-15,ail
AIL0000206,"EDWARDS, BROOKS AND GRIMES",963830093,7431898475,SAVINGS,2005-08-31,ail
AIL0000207,WONG-HARRELL,510567661,1106163845,SAVINGS,2013-06-03,ail
AIL0000208,THOMPSON-PRINCE,351030533,5620905678,CHECKING,2022-11-25,ail
AIL0000209,BARNETT INC,416236101,3764474604,SAVINGS,2022-08-01,ail
AIL0000210,WALKER-CLARK,344535679,1422663925,CHECKING,2014-12-23,ail
AIL0000211,RAMIREZ LTD,486801418,9754351898,CHECKING,2015-01-25,ail
AIL0000212,SANTOS LLC,458369754,6709047877,SAVINGS,2017-06-07,ail
AIL0000213,STEVENS-DURHAM,900164591,2178816289,CHECKING,2022-06-23,ail
AIL0000214,LARSEN PLC,907865473,2121568215,SAVINGS,2013-07-16,ail
AIL0000215,FIGUEROA LLC,402629052,8826756941,SAVINGS,2011-03-11,ail
AIL0000216,"JOHNSON, SIMS AND CRANE",535679851,5346037554,CHECKING,2019-01-08,ail
AIL0000217,"JONES, TRAN AND NICHOLS",526818051,1977442187,CHECKING,2013-11-16,ail
AIL0000218,"MEDINA, MILLER AND YATES",609424194,8792778835,SAVINGS,2023-06-22,ail
AIL0000219,KNIGHT-WRIGHT,950312143,5663801308,CHECKING,2013-12-07,ail
AIL0000220,ROBLES-WHITE,560412945,8292602216,CHECKING,2012-04-23,ail
AIL0000221,"MATHEWS, PEREZ AND LOVE",571029923,3398510824,SAVINGS,2017-08-25,ail
AIL0000222,WILLIAMS PLC,249196669,5846207636,CHECKING,2020-11-20,ail
AIL0000223,ARNOLD-DAVIS,636656386,8878253700,SAVINGS,2022-11-06,ail
AIL0000224,QUINN INC,342118734,7095191322,SAVINGS,2021-01-16,ail
AIL0000225,MILLS INC,919094911,7603958937,SAVINGS,2013-12-28,ail
AIL0000226,PEREZ PLC,730238228,9689748933,CHECKING,2013-01-24,ail
AIL0000227,"WOODS, GARCIA AND KEITH",249394788,9018466673,SAVINGS,2019-10-02,ail
AIL0000228,FLORES LTD,319263036,9369571318,CHECKING,2013-12-18,ail
AIL0000229,GONZALEZ INC,673904893,2659720707,SAVINGS,2009-12-24,ail
AIL0000230,MILLER-GONZALEZ,216649547,9426460165,SAVINGS,2015-05-22,ail
AIL0000231,"LAWRENCE, GEORGE AND EVANS",200117306,1736259025,CHECKING,2025-08-25,ail
AIL0000232,PERKINS INC,134423255,7886395561,CHECKING,2022-08-04,ail
AIL0000233,"TANNER, WATERS AND LEE",300459123,1854693080,SAVINGS,2012-02-26,ail
AIL0000234,"MENDEZ, BRYANT AND SMITH",404746849,1884300678,SAVINGS,2012-09-11,ail
AIL0000235,GUZMAN-VASQUEZ,808207780,3252262370,SAVINGS,2012-06-04,ail
AIL0000236,MURPHY GROUP,161689886,1047446910,SAVINGS,2019-09-29,ail
AIL0000237,"CAMPBELL, BREWER AND BAKER",541158894,2679784362,CHECKING,2005-02-06,ail
AIL0000238,"WRIGHT, HILL AND HOFFMAN",238660514,7599015485,SAVINGS,2017-01-16,ail
AIL0000239,GARRETT-RODRIGUEZ,897943460,5590302102,CHECKING,2024-05-07,ail
AIL0000240,FREEMAN LLC,239513727,4738550295,SAVINGS,2007-07-25,ail
AIL0000241,"RUIZ, MARTIN AND JONES",564071937,8150229969,CHECKING,2011-09-03,ail
AIL0000242,CHAMBERS-DAVIS,748228085,7266170179,CHECKING,2011-11-07,ail
AIL0000243,PETERSON-MCDANIEL,107992185,5256678151,SAVINGS,2017-11-22,ail
AIL0000244,LEE INC,168687310,8836522697,CHECKING,2008-11-20,ail
AIL0000245,LEWIS PLC,664634125,7403618535,SAVINGS,2015-02-12,ail
AIL0000246,FLORES-MORENO,718617836,9757802469,CHECKING,2013-08-12,ail
AIL0000247,COHEN PLC,409142921,9241594992,SAVINGS,2015-12-18,ail
AIL0000248,DUNCAN AND SONS,851959157,8698070838,SAVINGS,2011-03-02,ail
AIL0000249,MOORE-MIRANDA,758233277,4650051715,SAVINGS,2016-02-10,ail
AIL0000250,PHELPS PLC,367506478,7150722234,SAVINGS,2023-06-20,ail
AIL0000251,"MOORE, FRYE AND ZAVALA",807681800,3442183999,SAVINGS,2007-04-19,ail
AIL0000252,"LARSON, BUTLER AND BARBER",850164093,5061696296,CHECKING,2024-05-04,ail
AIL0000253,CANTU GROUP,269578434,4935462811,CHECKING,2021-07-18,ail
AIL0000254,WOOD-TORRES,629878254,2583692176,CHECKING,2008-02-15,ail
AIL0000255,"GOMEZ, MCGEE AND COLE",641589839,6695183060,SAVINGS,2017-01-31,ail
AIL0000256,ELLIOTT-FARMER,276994644,2085624355,CHECKING,2016-07-16,ail
AIL0000257,GILL GROUP,596248563,1114752423,SAVINGS,2011-03-22,ail
AIL0000258,SCHMITT LLC,509262673,6129924345,CHECKING,2023-08-01,ail
AIL0000259,"TRUJILLO, PROCTOR AND WANG",111529159,2076343427,CHECKING,2019-01-31,ail
AIL0000260,CARDENAS AND SONS,451232074,7288886727,SAVINGS,2021-10-26,ail
AIL0000261,BATES LLC,173269109,9944478245,CHECKING,2005-01-21,ail
AIL0000262,WALL-JOHNSON,866202339,9375265373,CHECKING,2013-12-03,ail
AIL0000263,GIBBS-NGUYEN,605504475,8818673092,CHECKING,2023-07-31,ail
AIL0000264,"STEVENSON, SALINAS AND WILLIAMSON",283168644,4601312262,CHECKING,2025-01-20,ail
AIL0000265,GATES-RODRIGUEZ,290306358,2263341689,SAVINGS,2025-11-05,ail
AIL0000266,MARTIN LTD,280875434,9923160916,CHECKING,2007-12-17,ail
AIL0000267,DAVID-WATKINS,827334609,2173609562,SAVINGS,2013-01-31,ail
AIL0000268,HARRINGTON GROUP,484492979,1764247480,CHECKING,2021-04-14,ail
AIL0000269,"MOYER, MCCARTHY AND WRIGHT",824823116,3286205964,SAVINGS,2015-09-12,ail
AIL0000270,"WILLIS, BROWN AND BROWN",848121420,5736461116,SAVINGS,2023-04-30,ail
AIL0000271,HILL-WOOD,576727072,9815056399,CHECKING,2010-02-19,ail
AIL0000272,RODRIGUEZ-TAYLOR,152253317,8612441673,CHECKING,2008-01-29,ail
AIL0000273,"JONES, ROWLAND AND OCONNOR",368113097,2024522901,CHECKING,2020-03-10,ail
AIL0000274,SAWYER PLC,117221150,2811113558,CHECKING,2021-03-16,ail
AIL0000275,ANDREWS-HOFFMAN,461976234,4524134708,CHECKING,2009-11-15,ail
AIL0000276,SANCHEZ-ARMSTRONG,336832921,3852325403,CHECKING,2014-08-19,ail
AIL0000277,"GREEN, SCHMIDT AND CARTER",147258075,6700029200,CHECKING,2021-03-05,ail
AIL0000278,TAYLOR INC,770737907,7621562469,SAVINGS,2019-10-08,ail
AIL0000279,"DAWSON, EDWARDS AND CASTANEDA",229712269,1998185368,CHECKING,2006-03-24,ail
AIL0000280,BURGESS-LEWIS,482870919,2388854268,CHECKING,2024-12-07,ail
AIL0000281,MCDONALD-MURRAY,531793991,8103844811,CHECKING,2014-06-10,ail
AIL0000282,GONZALEZ-MATA,517885994,6208798644,CHECKING,2022-04-12,ail
AIL0000283,SCOTT-ADKINS,170884445,7974637746,CHECKING,2022-09-14,ail
AIL0000284,TAYLOR LTD,172296393,4803021963,SAVINGS,2014-07-02,ail
AIL0000285,SIMMONS-SHAFFER,423769928,5254054712,CHECKING,2006-11-16,ail
AIL0000286,DECKER INC,370518677,5119022697,SAVINGS,2019-03-25,ail
AIL0000287,"BROOKS, KNIGHT AND FORBES",777395712,8285619035,CHECKING,2014-09-30,ail
AIL0000288,"MARKS, MURPHY AND RYAN",456532271,8248294618,SAVINGS,2008-12-09,ail
AIL0000289,ANDREWS-WALTERS,172492053,2439265956,SAVINGS,2012-10-11,ail
AIL0000290,"JONES, DAVIS AND GRANT",510568162,4186066547,CHECKING,2022-07-09,ail
AIL0000291,SCHMIDT PLC,349758689,9681045368,CHECKING,2016-10-01,ail
AIL0000292,BERRY GROUP,431623688,1340975920,CHECKING,2006-03-31,ail
AIL0000293,"SANTOS, LEE AND JONES",502141680,7436981246,CHECKING,2017-11-15,ail
AIL0000294,"JORDAN, HILL AND HAYES",262855048,2613825121,CHECKING,2006-01-12,ail
AIL0000295,"HERNANDEZ, RIVERA AND WHITE",355619239,9357475916,SAVINGS,2017-05-27,ail
AIL0000296,"MORGAN, ROSE AND SCHWARTZ",244168106,6489511283,CHECKING,2006-10-01,ail
AIL0000297,PRESTON-MORALES,659282971,8785532495,CHECKING,2006-01-12,ail
AIL0000298,SMITH-CLAYTON,345897637,6717762282,CHECKING,2011-12-21,ail
AIL0000299,SMITH LLC,320994787,3316326341,CHECKING,2011-10-26,ail
AIL0000300,HERNANDEZ-FOLEY,960552321,4090238502,SAVINGS,2021-06-06,ail
AIL0000301,"CRAIG, NGUYEN AND ELLIS",659926223,2381420377,SAVINGS,2005-07-15,ail
AIL0000302,"GONZALEZ, UNDERWOOD AND SCHAEFER",776223826,1025953043,SAVINGS,2019-09-29,ail
AIL0000303,"CAMACHO, HERNANDEZ AND MEJIA",175145733,5095943641,CHECKING,2014-06-02,ail
AIL0000304,PARKER INC,781146329,5260661552,CHECKING,2007-02-02,ail
AIL0000305,FERGUSON INC,234820097,1394103590,CHECKING,2025-02-01,ail
AIL0000306,FERNANDEZ INC,353736066,3179371871,SAVINGS,2023-05-24,ail
AIL0000307,HARRELL-HEBERT,878451124,7301035934,CHECKING,2011-07-18,ail
AIL0000308,"CLARK, TURNER AND COLEMAN",874891307,1848411797,SAVINGS,2012-02-19,ail
AIL0000309,HALL-GILLESPIE,289446179,3602111250,SAVINGS,2022-04-11,ail
AIL0000310,JOHNSON-RICH,406395333,7770680211,CHECKING,2017-01-08,ail
AIL0000311,MARTINEZ-GOULD,391908293,3066612454,SAVINGS,2007-01-11,ail
AIL0000312,WALLACE LTD,527611745,2622284281,SAVINGS,2023-10-01,ail
AIL0000313,"CLARK, WILLIAMS AND GONZALES",573923944,3070177372,SAVINGS,2011-09-15,ail
AIL0000314,HARRIS GROUP,558914339,4668083380,SAVINGS,2017-05-04,ail
AIL0000315,"OLSEN, DAVIS AND THOMPSON",739073265,3307246477,CHECKING,2022-07-08,ail
AIL0000316,"RAMSEY, MARTINEZ AND SHERMAN",376264887,6928988627,SAVINGS,2006-11-20,ail
AIL0000317,SHEPARD LTD,587052625,6511412632,SAVINGS,2006-06-13,ail
AIL0000318,"HOWARD, COWAN AND PERRY",177244613,2431229740,SAVINGS,2024-01-02,ail
AIL0000319,GALLOWAY PLC,310148188,1814436678,CHECKING,2023-06-07,ail
AIL0000320,WOODS-HICKS,637622321,6902392354,SAVINGS,2009-03-14,ail
AIL0000321,SMITH-JAMES,546483500,9333460559,SAVINGS,2019-07-09,ail
AIL0000322,ROSS-MATHEWS,512357040,7397573322,CHECKING,2011-04-11,ail
AIL0000323,WARD-COLLINS,538932325,4801044279,CHECKING,2017-03-12,ail
AIL0000324,HAMILTON LTD,513203779,1697341120,SAVINGS,2022-07-12,ail
AIL0000325,PEREZ-HAYNES,374081636,8340650878,SAVINGS,2009-01-13,ail
AIL0000326,"SCHNEIDER, PRICE AND RUIZ",847813304,9837774039,SAVINGS,2016-11-16,ail
AIL0000327,BLAIR-MERRITT,555309840,4159653716,CHECKING,2019-09-26,ail
AIL0000328,TAYLOR AND SONS,612953915,8787318635,CHECKING,2009-12-03,ail
AIL0000329,CUNNINGHAM AND SONS,848904238,5930125453,SAVINGS,2008-11-24,ail
AIL0000330,"MOORE, NEAL AND FARMER",831289574,5927905410,CHECKING,2005-08-20,ail
AIL0000331,CARLSON AND SONS,746552918,1693325479,CHECKING,2023-10-08,ail
AIL0000332,"GUERRERO, WATSON AND PERRY",927825086,9986384992,SAVINGS,2009-11-28,ail
AIL0000333,BARNES AND SONS,526991604,9935027997,CHECKING,2021-01-30,ail
AIL0000334,"SANFORD, HARMON AND PATRICK",554133586,7128366328,SAVINGS,2020-10-21,ail
AIL0000335,DIAZ INC,637565427,1381708520,SAVINGS,2019-11-08,ail
AIL0000336,JOHNSON AND SONS,974270684,5907917027,CHECKING,2014-10-19,ail
AIL0000337,POWELL-BROOKS,903470543,2323280914,CHECKING,2022-08-27,ail
AIL0000338,HOWELL-JOHNSON,976591420,3111935339,CHECKING,2021-06-18,ail
AIL0000339,RIVERA GROUP,174991729,2850914417,CHECKING,2022-04-16,ail
AIL0000340,MOSS AND SONS,502278868,1576951818,SAVINGS,2016-02-17,ail
AIL0000341,WILLIAMS-BENNETT,295404184,5768436968,CHECKING,2024-11-09,ail
AIL0000342,"SHARP, JACKSON AND GARCIA",299327335,1863034397,CHECKING,2010-08-07,ail
AIL0000343,PRINCE-DAVIS,968848930,4260587490,SAVINGS,2014-05-31,ail
AIL0000344,RODRIGUEZ GROUP,538937500,3733461689,CHECKING,2023-08-04,ail
AIL0000345,LUCERO-CHASE,414741200,5663076330,CHECKING,2023-12-21,ail
AIL0000346,"ALEXANDER, VINCENT AND PACHECO",397171155,5570972363,CHECKING,2013-06-03,ail
AIL0000347,COLLINS GROUP,728833035,6303340258,SAVINGS,2025-01-13,ail
AIL0000348,ANDERSON-DOUGLAS,822418424,4266466941,CHECKING,2014-09-27,ail
AIL0000349,KRUEGER-BARNETT,165558887,5102611752,CHECKING,2017-06-06,ail
AIL0000350,WOODS LTD,203983146,4400697308,SAVINGS,2017-04-30,ail
AIL0000351,"GONZALEZ, ROBINSON AND ANDERSON",747450075,7382004228,SAVINGS,2019-01-08,ail
AIL0000352,PEREZ INC,748939011,7139456572,SAVINGS,2011-07-19,ail
AIL0000353,"DAVIS, POWELL AND EATON",832141597,9118141883,SAVINGS,2010-12-11,ail
AIL0000354,WRIGHT LLC,977082994,7006388717,CHECKING,2013-04-15,ail
AIL0000355,BLAIR LLC,482283477,9044806328,CHECKING,2017-08-28,ail
AIL0000356,PAGE-MURRAY,103312131,8294178468,CHECKING,2012-09-17,ail
AIL0000357,"MEYER, RAY AND STEPHENSON",127574144,3585180243,SAVINGS,2023-05-11,ail
AIL0000358,MURPHY LLC,850829666,6362428326,SAVINGS,2010-04-15,ail
AIL0000359,"THOMAS, DOYLE AND ROSALES",763950073,9030957760,SAVINGS,2022-12-15,ail
AIL0000360,"BULLOCK, CRUZ AND WILLIAMS",808914863,1807174408,SAVINGS,2015-01-27,ail
AIL0000361,PETTY INC,117856651,8017020095,CHECKING,2007-10-31,ail
AIL0000362,WALTERS AND SONS,967108597,8455260207,SAVINGS,2008-04-26,ail
AIL0000363,SANDERS INC,350781693,7900994599,SAVINGS,2017-06-24,ail
AIL0000364,"CASTILLO, MATHEWS AND LOPEZ",893714928,5644445498,SAVINGS,2022-08-23,ail
AIL0000365,"SULLIVAN, HANEY AND CHAVEZ",611232011,4887816258,SAVINGS,2008-04-29,ail
AIL0000366,GARDNER-WILSON,415532960,3607791648,CHECKING,2007-04-08,ail
AIL0000367,RIOS-ROBERTSON,658404186,1136346958,SAVINGS,2017-10-31,ail
AIL0000368,ROGERS-STAFFORD,955579783,5669015536,SAVINGS,2018-08-27,ail
AIL0000369,PETERSON-WIGGINS,280445368,9145012813,CHECKING,2015-08-29,ail
AIL0000370,"BRYANT, DAVIS AND CHASE",617724535,2034664545,CHECKING,2024-04-01,ail
AIL0000371,"BAKER, CASEY AND SIMMONS",283001054,1384106725,SAVINGS,2014-12-09,ail
AIL0000372,OCONNELL AND SONS,868546986,1125506598,SAVINGS,2023-06-25,ail
AIL0000373,PEREZ GROUP,511769051,8586238650,CHECKING,2008-07-26,ail
AIL0000374,MARTINEZ LTD,872208263,8410598437,CHECKING,2017-10-03,ail
AIL0000375,MARTINEZ-BAILEY,954205066,8266159318,CHECKING,2015-03-29,ail
AIL0000376,GRAHAM-JOYCE,718445315,3579898495,SAVINGS,2013-11-26,ail
AIL0000377,BURCH PLC,504811746,8408939222,SAVINGS,2024-07-10,ail
AIL0000378,SANDERS PLC,968063877,2002305548,SAVINGS,2023-08-21,ail
AIL0000379,THOMAS LTD,224221153,2249734561,CHECKING,2009-10-22,ail
AIL0000380,PARSONS AND SONS,195712730,5045892188,SAVINGS,2016-07-06,ail
AIL0000381,"GARNER, FOX AND CHAN",236813458,8959993056,SAVINGS,2008-11-19,ail
AIL0000382,"HEATH, WARREN AND MCBRIDE",719459743,4165038256,SAVINGS,2020-11-29,ail
AIL0000383,RYAN-STEELE,166448444,7114738485,SAVINGS,2011-10-12,ail
AIL0000384,"JACKSON, MOORE AND BECKER",956328583,4421221951,CHECKING,2023-12-01,ail
AIL0000385,"WALTERS, MONTGOMERY AND BRIDGES",214445764,2697853760,SAVINGS,2007-06-05,ail
AIL0000386,"HERNANDEZ, DUNLAP AND LYNCH",439223200,9344648619,CHECKING,2010-11-10,ail
AIL0000387,RAMIREZ GROUP,636691235,8215463132,CHECKING,2022-12-30,ail
AIL0000388,PRICE-BOYD,745818574,2217162916,CHECKING,2019-09-14,ail
AIL0000389,ENGLISH-MCDONALD,743042838,6669955364,CHECKING,2018-01-29,ail
AIL0000390,GRIFFITH LLC,393617431,4559184883,SAVINGS,2019-04-27,ail
AIL0000391,JONES LTD,412990487,2617951253,SAVINGS,2019-10-02,ail
AIL0000392,"BARNETT, CLARK AND QUINN",263962774,4480721612,CHECKING,2017-07-16,ail
AIL0000393,"CHUNG, BROWN AND JENKINS",933265252,6977769260,CHECKING,2010-01-04,ail
AIL0000394,CASTILLO AND SONS,123156124,7648364190,SAVINGS,2024-02-04,ail
AIL0000395,MYERS AND SONS,553588778,8206519996,SAVINGS,2015-08-05,ail
AIL0000396,"BARNES, VARGAS AND WRIGHT",913589412,6975857369,CHECKING,2014-04-08,ail
AIL0000397,JONES-RICHMOND,666768643,8416354530,SAVINGS,2025-01-10,ail
AIL0000398,TAYLOR-MORALES,847728374,4964528773,SAVINGS,2015-12-09,ail
AIL0000399,"SINGH, BLACKBURN AND HERNANDEZ",204496093,5857181464,CHECKING,2011-02-19,ail
AIL0000400,THOMAS-HILL,861913813,6600955228,CHECKING,2006-12-23,ail
AIL0000401,SMITH-WILSON,719718049,5885787104,SAVINGS,2015-09-16,ail
AIL0000402,WARREN-INGRAM,412546455,4853522356,CHECKING,2021-12-23,ail
AIL0000403,"RUIZ, GUERRERO AND EVANS",334222252,3797045905,SAVINGS,2024-09-02,ail
AIL0000404,WEAVER PLC,879490941,4686932034,SAVINGS,2023-06-24,ail
AIL0000405,HERNANDEZ-BEARD,558607012,1241941984,SAVINGS,2024-12-01,ail
AIL0000406,"PETERSON, NELSON AND TRAVIS",608820219,1225366046,SAVINGS,2025-05-05,ail
AIL0000407,MASSEY-SCOTT,737150229,8398297717,CHECKING,2016-04-26,ail
AIL0000408,"OWENS, RICHARDS AND WALTER",136499524,1510253039,SAVINGS,2022-04-20,ail
AIL0000409,"GLENN, FREEMAN AND CARTER",624658062,8495577948,CHECKING,2019-08-30,ail
AIL0000410,"GARCIA, BRIGHT AND MORRISON",935082100,6936078258,SAVINGS,2015-08-23,ail
AIL0000411,"GRIMES, ALLEN AND HORN",494410130,1049832004,CHECKING,2019-11-11,ail
AIL0000412,COPELAND-RICHMOND,188730795,5819174770,CHECKING,2025-02-26,ail
AIL0000413,BROWN-GARCIA,124724799,7354397094,CHECKING,2009-06-16,ail
AIL0000414,KIRBY-OCONNOR,952920067,3546395964,SAVINGS,2014-03-11,ail
AIL0000415,BOWMAN-MURPHY,619896637,8313199661,SAVINGS,2010-04-06,ail
AIL0000416,"HUFF, BIRD AND MILLER",713560882,1537886416,SAVINGS,2008-05-06,ail
AIL0000417,MARQUEZ GROUP,168180783,3308592457,SAVINGS,2019-06-15,ail
AIL0000418,WILLIS AND SONS,972810297,4009663602,SAVINGS,2008-12-02,ail
AIL0000419,"HAMILTON, BAKER AND OSBORN",697065054,7571676457,CHECKING,2024-02-04,ail
AIL0000420,"FREEMAN, OBRIEN AND CUNNINGHAM",657165824,3799033030,CHECKING,2018-12-12,ail
AIL0000421,"STONE, SCHAEFER AND REYES",807147441,4855172529,CHECKING,2013-12-28,ail
AIL0000422,"RODRIGUEZ, MASSEY AND DAY",743281527,3985929521,CHECKING,2014-06-17,ail
AIL0000423,JOHNSTON INC,695627964,2349891418,CHECKING,2007-04-30,ail
AIL0000424,WARD LTD,238315117,3469954227,CHECKING,2009-01-24,ail
AIL0000425,"MCKEE, FISHER AND LONG",194297000,7710870125,CHECKING,2021-04-24,ail
AIL0000426,"WILLIAMS, HOLLAND AND ALEXANDER",190849645,5208760580,SAVINGS,2006-06-03,ail
AIL0000427,BERRY-MILLS,490369190,6031997439,CHECKING,2017-09-03,ail
AIL0000428,LI-FULLER,366649918,2291067101,SAVINGS,2018-11-13,ail
AIL0000429,CALDWELL-JOHNSON,807765063,7588919626,CHECKING,2020-03-03,ail
AIL0000430,"WHITE, MCCOY AND MURPHY",719625768,9576178517,CHECKING,2008-07-09,ail
AIL0000431,KNAPP-PHAM,838659551,4520856549,CHECKING,2016-01-11,ail
AIL0000432,"BRYANT, MACDONALD AND HOWARD",139442778,1807770198,SAVINGS,2013-06-29,ail
AIL0000433,"COOPER, BELTRAN AND WRIGHT",994027302,3371125304,SAVINGS,2024-03-19,ail
AIL0000434,BOWERS-NGUYEN,397851389,7967780181,CHECKING,2014-01-18,ail
AIL0000435,"RITTER, BAKER AND LEON",690395452,6390043836,SAVINGS,2019-04-20,ail
AIL0000436,HANSEN PLC,797684086,4881189856,SAVINGS,2013-02-24,ail
AIL0000437,"MORRIS, MORALES AND BAILEY",589699023,3982920803,CHECKING,2018-11-26,ail
AIL0000438,KIRK INC,175761121,3772707308,SAVINGS,2009-12-22,ail
AIL0000439,BELL-MEDINA,705206157,3598217672,SAVINGS,2013-05-21,ail
AIL0000440,STEWART LLC,982151713,5954207902,SAVINGS,2014-03-07,ail
AIL0000441,SLOAN INC,506885773,3592473405,CHECKING,2013-10-24,ail
AIL0000442,"SULLIVAN, HOWELL AND FOWLER",390044760,7650193311,CHECKING,2025-10-13,ail
AIL0000443,HARRIS-CHASE,453644935,3749541399,SAVINGS,2008-01-08,ail
AIL0000444,BELL-SHAFFER,458111525,8636756590,CHECKING,2023-10-25,ail
AIL0000445,FISCHER-CHUNG,956950522,6264622618,CHECKING,2008-11-23,ail
AIL0000446,SMITH-LOPEZ,205169636,5160850457,SAVINGS,2013-08-18,ail
AIL0000447,STOUT-GRAVES,212745817,1530443469,SAVINGS,2011-08-07,ail
AIL0000448,"PHILLIPS, CASTRO AND THOMPSON",732248231,3102895903,SAVINGS,2021-10-15,ail
AIL0000449,"DOMINGUEZ, GONZALEZ AND DAVIS",852108407,1206000737,SAVINGS,2025-12-25,ail
AIL0000450,"MELENDEZ, ALVARADO AND PHELPS",907317394,2673161789,SAVINGS,2025-08-30,ail
AIL0000451,BALDWIN PLC,965527175,8944100417,SAVINGS,2020-07-28,ail
AIL0000452,SANDERS-MORSE,735988157,5842885728,CHECKING,2019-12-19,ail
AIL0000453,KIRK LTD,837293786,1542747974,SAVINGS,2023-02-17,ail
AIL0000454,AUSTIN-ARELLANO,709413742,8453582359,CHECKING,2006-04-09,ail
AIL0000455,KEY-RAMOS,878913009,4339458019,SAVINGS,2006-05-24,ail
AIL0000456,SANCHEZ AND SONS,858906506,2966178433,SAVINGS,2024-06-20,ail
AIL0000457,"HANEY, JOHNSON AND WALKER",480106125,8724365118,SAVINGS,2022-11-15,ail
AIL0000458,"LUCERO, SANCHEZ AND PEREZ",396162658,9386423260,CHECKING,2020-05-14,ail
AIL0000459,"CAIN, THOMAS AND PHILLIPS",427692509,6607773451,SAVINGS,2024-06-27,ail
AIL0000460,MATHEWS GROUP,196787722,3725915610,CHECKING,2017-04-05,ail
AIL0000461,PERRY-ARNOLD,883781096,1402153307,CHECKING,2020-04-24,ail
AIL0000462,"LEE, LOPEZ AND STONE",190822582,8487886592,SAVINGS,2011-04-06,ail
AIL0000463,BURTON-ONEAL,967955890,4755317390,SAVINGS,2008-06-22,ail
AIL0000464,FRANCIS-MANN,826958713,4138750794,SAVINGS,2023-11-30,ail
AIL0000465,LARA-BAKER,634514268,3997380182,SAVINGS,2020-11-15,ail
AIL0000466,DIAZ-SCHAEFER,114925291,3646930819,CHECKING,2014-05-01,ail
AIL0000467,FLORES LLC,866823538,2482024096,CHECKING,2012-06-05,ail
AIL0000468,RUBIO AND SONS,752162382,4881785530,CHECKING,2017-08-04,ail
AIL0000469,HEATH-ANDERSEN,180662039,5513609342,SAVINGS,2018-12-07,ail
AIL0000470,POPE PLC,507049911,6027190358,CHECKING,2022-11-10,ail
AIL0000471,DAVIS PLC,462880277,5801195339,SAVINGS,2022-04-13,ail
AIL0000472,"ALVAREZ, EDWARDS AND AGUIRRE",618751182,6555733635,CHECKING,2009-04-27,ail
AIL0000473,"PEREZ, BAILEY AND PARK",102399064,7738124846,CHECKING,2022-05-07,ail
AIL0000474,"NICHOLSON, WALKER AND ADAMS",427297760,4837200484,SAVINGS,2024-05-26,ail
AIL0000475,STEVENS GROUP,763302601,8938610457,CHECKING,2006-08-14,ail
AIL0000476,GARZA-BROWN,481977286,9615236685,SAVINGS,2022-10-25,ail
AIL0000477,JOHNSON GROUP,452779815,6576373571,CHECKING,2015-02-13,ail
AIL0000478,"SANTOS, HUANG AND WOODS",105534508,4102828641,SAVINGS,2018-11-14,ail
AIL0000479,"HERNANDEZ, FLEMING AND JONES",480676189,1038069463,SAVINGS,2016-04-12,ail
AIL0000480,"HILL, KING AND MOSLEY",628330503,1848446906,CHECKING,2014-10-26,ail
AIL0000481,REEVES GROUP,541006226,3093419287,CHECKING,2009-12-07,ail
AIL0000482,PADILLA-BENDER,926188073,8115186493,CHECKING,2011-09-08,ail
AIL0000483,LEWIS-HAYES,605408862,6993020535,SAVINGS,2005-12-09,ail
AIL0000484,"TERRY, TORRES AND HALL",491374277,8780521609,CHECKING,2021-10-14,ail
AIL0000485,"SHAH, THOMAS AND RYAN",570913175,2887022675,CHECKING,2018-11-02,ail
AIL0000486,"MATTHEWS, HUFFMAN AND ARELLANO",479823041,8503699096,CHECKING,2025-11-29,ail
AIL0000487,JOSEPH LLC,485727515,4046074294,CHECKING,2010-08-16,ail
AIL0000488,"WILSON, MADDEN AND AUSTIN",303546093,2223635199,CHECKING,2010-04-06,ail
AIL0000489,"GUTIERREZ, MARTIN AND LEE",523640548,1135749072,CHECKING,2015-02-09,ail
AIL0000490,"AYALA, MAYO AND HOUSTON",614639071,9516613938,CHECKING,2023-02-12,ail
AIL0000491,BANKS GROUP,552147658,5842292127,SAVINGS,2021-08-05,ail
AIL0000492,"WILSON, DAVIS AND SHAH",638866546,8841061174,CHECKING,2013-01-17,ail
AIL0000493,"HAYNES, JENNINGS AND BALLARD",217824679,5113198271,CHECKING,2023-07-16,ail
AIL0000494,HORTON-TAYLOR,235424162,5963015056,CHECKING,2024-01-21,ail
AIL0000495,WHITE-COLLINS,923973312,3939637388,CHECKING,2018-03-27,ail
AIL0000496,MANN LLC,828330158,8859084754,SAVINGS,2019-09-01,ail
AIL0000497,DAVIS-GREEN,741117091,4167244443,SAVINGS,2015-06-04,ail
AIL0000498,PEREZ LTD,615603325,6538217006,SAVINGS,2023-02-03,ail
AIL0000499,"MILLER, HAYES AND DAVIS",188707067,8563007469,CHECKING,2017-09-10,ail
AIL0000500,SMITH-OBRIEN,763157083,3195758393,CHECKING,2010-03-14,ail
AIL0000501,"BROWN, BROOKS AND JACKSON",401870524,4293069999,SAVINGS,2022-10-02,ail
AIL0000502,"SMITH, MURPHY AND TORRES",852645523,8819457893,CHECKING,2007-04-26,ail
AIL0000503,"ELLIOTT, VILLARREAL AND SOSA",608838545,4478719374,CHECKING,2017-10-15,ail
AIL0000504,FIELDS GROUP,302581790,3725058806,CHECKING,2016-08-03,ail
AIL0000505,NICHOLS LLC,229344220,5863173472,CHECKING,2023-05-01,ail
AIL0000506,WIGGINS AND SONS,394056688,5253730454,CHECKING,2014-11-13,ail
AIL0000507,"BROOKS, THOMPSON AND ALEXANDER",557739343,9665789482,CHECKING,2009-03-12,ail
AIL0000508,ROMERO GROUP,197641175,4712355473,SAVINGS,2012-05-29,ail
AIL0000509,HOWELL PLC,537332024,7549701358,CHECKING,2014-03-21,ail
AIL0000510,AGUIRRE LLC,338129347,6738840177,SAVINGS,2019-02-14,ail
AIL0000511,RODRIGUEZ-VEGA,165873766,7484815168,CHECKING,2016-08-03,ail
AIL0000512,"STONE, MCCULLOUGH AND JIMENEZ",426728893,5767649713,SAVINGS,2021-04-30,ail
AIL0000513,"MOORE, AUSTIN AND ROGERS",401244644,9345116088,SAVINGS,2024-06-14,ail
AIL0000514,MCFARLAND-KELLEY,365180555,1204253178,CHECKING,2022-03-20,ail
AIL0000515,BOWERS-RAYMOND,100575452,9813833954,SAVINGS,2015-03-04,ail
AIL0000516,"SPENCER, MORGAN AND DIAZ",327609166,6520394348,SAVINGS,2016-09-22,ail
AIL0000517,HORNE GROUP,751247855,5727735496,CHECKING,2018-10-16,ail
AIL0000518,BAUER INC,370865381,9368005850,SAVINGS,2019-10-16,ail
AIL0000519,BROWN-HAAS,458932723,2307202048,CHECKING,2019-07-25,ail
AIL0000520,COCHRAN-BROWNING,818276952,9648610631,CHECKING,2014-08-16,ail
AIL0000521,"WEBSTER, GARZA AND ABBOTT",455635895,8774042176,SAVINGS,2025-05-13,ail
AIL0000522,ALVARADO LLC,355821370,8087762657,CHECKING,2025-05-31,ail
AIL0000523,"HART, PARK AND BOYD",727416570,2649479425,CHECKING,2021-09-05,ail
AIL0000524,"DAY, CAMPBELL AND TAYLOR",240107634,3584862196,CHECKING,2023-01-15,ail
AIL0000525,CARTER LTD,729815562,4510745572,CHECKING,2024-03-05,ail
AIL0000526,POWELL-BENNETT,856622973,1423644452,SAVINGS,2009-07-27,ail
AIL0000527,JOHNSON-GARCIA,423707839,8410324652,CHECKING,2010-09-10,ail
AIL0000528,"WEBB, PRICE AND JIMENEZ",672903058,4095681282,CHECKING,2019-10-15,ail
AIL0000529,TOWNSEND-HALE,237258508,6118341434,SAVINGS,2016-05-27,ail
AIL0000530,"GUERRA, LOPEZ AND DAVIS",915351389,9483102271,SAVINGS,2008-08-09,ail
AIL0000531,"ADKINS, DUNCAN AND THOMPSON",581554115,2873145919,SAVINGS,2015-07-31,ail
AIL0000532,STEVENSON-FERGUSON,549902288,4396825966,CHECKING,2021-04-02,ail
AIL0000533,RASMUSSEN GROUP,743336344,5155324773,SAVINGS,2018-05-27,ail
AIL0000534,BELL PLC,148796435,8793362077,SAVINGS,2019-09-26,ail
AIL0000535,COLON LTD,835184880,1322060399,SAVINGS,2018-10-19,ail
AIL0000536,RODGERS-WARREN,906087827,7482301234,SAVINGS,2006-12-13,ail
AIL0000537,HICKS LTD,530408291,7902950398,CHECKING,2005-05-06,ail
AIL0000538,"WILLIAMS, LEWIS AND BRYANT",297639735,1015464229,CHECKING,2023-04-17,ail
AIL0000539,STAFFORD LTD,735776226,3992397136,SAVINGS,2010-11-09,ail
AIL0000540,JONES-HARRIS,640970200,7550139546,SAVINGS,2007-08-17,ail
AIL0000541,DUNCAN PLC,336584331,1511545211,CHECKING,2013-06-17,ail
AIL0000542,WILLIAMS GROUP,148976013,3291647639,SAVINGS,2015-05-03,ail
AIL0000543,MCCULLOUGH INC,141973293,3747126998,SAVINGS,2009-12-11,ail
AIL0000544,SMITH-ALLEN,242776948,4395692712,CHECKING,2005-03-21,ail
AIL0000545,JOYCE-BENITEZ,984130042,1499010108,SAVINGS,2015-09-09,ail
AIL0000546,WATSON GROUP,779338069,6880283365,CHECKING,2021-09-26,ail
AIL0000547,MOORE PLC,857483748,5868824748,SAVINGS,2009-08-21,ail
AIL0000548,HOWELL LLC,448574326,5231665002,CHECKING,2007-09-10,ail
AIL0000549,BECKER-MCKINNEY,984690021,2526788512,SAVINGS,2024-03-23,ail
AIL0000550,"COLLINS, BENTLEY AND VALDEZ",289768018,9657101385,CHECKING,2024-10-05,ail
AIL0000551,ORTIZ-SMITH,875888196,8103123072,CHECKING,2017-12-08,ail
AIL0000552,BENNETT-KIRBY,977082820,2899169638,SAVINGS,2012-10-15,ail
AIL0000553,MONTOYA GROUP,388614830,2698502431,SAVINGS,2015-04-27,ail
AIL0000554,GREENE-SIMS,348810825,7158568902,CHECKING,2007-04-06,ail
AIL0000555,WILLIAMS-WANG,614329730,5697367349,CHECKING,2015-07-29,ail
AIL0000556,ALVARADO AND SONS,593266377,4703774386,CHECKING,2013-05-08,ail
AIL0000557,WALSH INC,711665601,4133092725,SAVINGS,2017-12-01,ail
AIL0000558,BARRERA GROUP,122599372,2332128020,CHECKING,2009-05-26,ail
AIL0000559,WHITE LLC,977783087,3610575957,CHECKING,2008-12-17,ail
AIL0000560,HARDING LLC,254105962,5604414067,CHECKING,2015-12-01,ail
AIL0000561,"ESPINOZA, NEAL AND MITCHELL",588578468,9462741141,CHECKING,2006-05-07,ail
AIL0000562,MITCHELL-HUDSON,877718632,3262496662,CHECKING,2012-07-04,ail
AIL0000563,JUAREZ GROUP,747781482,5723304144,SAVINGS,2012-11-16,ail
AIL0000564,CLEMENTS PLC,122243544,5014410308,CHECKING,2012-12-19,ail
AIL0000565,GONZALEZ-HOLMES,366656201,4307630024,SAVINGS,2013-07-19,ail
AIL0000566,HARRISON INC,253153814,3575422095,CHECKING,2025-10-29,ail
AIL0000567,PEREZ GROUP,950039201,4038499343,CHECKING,2006-08-08,ail
AIL0000568,MILLER LTD,249497180,5995667352,SAVINGS,2018-07-31,ail
AIL0000569,ALLEN PLC,614223965,1663629664,CHECKING,2016-09-07,ail
AIL0000570,KIM-THOMAS,683607071,8267261623,CHECKING,2010-08-24,ail
AIL0000571,"HAMMOND, BATES AND GORDON",122771813,4543025495,CHECKING,2017-04-20,ail
AIL0000572,MACK LTD,684805001,2274482118,SAVINGS,2018-11-12,ail
AIL0000573,WILLIAMS-SMITH,252294200,1963415929,CHECKING,2011-05-17,ail
AIL0000574,PETERSON LLC,558633176,2655207639,SAVINGS,2024-04-19,ail
AIL0000575,BELL AND SONS,803692376,2231995081,SAVINGS,2017-04-21,ail
AIL0000576,"BROWN, JAMES AND ARROYO",837409683,5777758858,CHECKING,2019-02-26,ail
AIL0000577,"BROWN, WHITE AND LEE",218257262,1964316616,SAVINGS,2017-02-07,ail
AIL0000578,"GRIFFITH, JOHNSON AND ALEXANDER",483656443,9917597402,SAVINGS,2005-03-28,ail
AIL0000579,GUZMAN LLC,227078391,9776107836,CHECKING,2005-03-10,ail
AIL0000580,"MARTIN, PAYNE AND STEWART",291198819,2826411454,SAVINGS,2018-05-23,ail
AIL0000581,COHEN GROUP,770829086,8806371697,SAVINGS,2017-07-29,ail
AIL0000582,"FERGUSON, MONTGOMERY AND JACKSON",211586005,4430319690,CHECKING,2006-10-11,ail
AIL0000583,WOOD-THOMAS,259604146,5924562641,CHECKING,2011-05-22,ail
AIL0000584,SUTTON INC,519403103,9488312421,CHECKING,2011-07-01,ail
AIL0000585,SMITH-BROWN,221508953,7776783557,SAVINGS,2012-03-11,ail
AIL0000586,MACK-WILSON,255335893,5683434276,CHECKING,2011-01-15,ail
AIL0000587,GILL INC,295283935,8591506799,SAVINGS,2009-11-15,ail
AIL0000588,"GARDNER, SMITH AND HOLLOWAY",442862704,7417567959,SAVINGS,2022-10-02,ail
AIL0000589,PINEDA-NEWMAN,844554951,9473321348,SAVINGS,2006-08-08,ail
AIL0000590,JENNINGS-HUGHES,248413965,6351134654,SAVINGS,2023-07-31,ail
AIL0000591,"YOUNG, HENRY AND WRIGHT",689848541,7587494767,CHECKING,2010-07-18,ail
AIL0000592,"GIBSON, CALHOUN AND HERNANDEZ",512990369,9949069966,SAVINGS,2009-09-04,ail
AIL0000593,"SUAREZ, WALKER AND MITCHELL",665803901,4213853162,CHECKING,2021-05-02,ail
AIL0000594,"THOMPSON, COFFEY AND KIDD",352536632,2553530199,CHECKING,2009-06-16,ail
AIL0000595,RICHARDSON INC,118419668,1473117789,SAVINGS,2010-04-18,ail
AIL0000596,TRUJILLO-THOMAS,487468897,4517623123,SAVINGS,2010-06-15,ail
AIL0000597,JENKINS-HOBBS,594338271,9216074478,CHECKING,2022-04-16,ail
AIL0000598,ARCHER AND SONS,326277525,4555467593,CHECKING,2022-01-14,ail
AIL0000599,"GOMEZ, MCMAHON AND FISHER",902080160,1591852141,CHECKING,2007-10-28,ail
AIL0000600,MURRAY-CHAVEZ,505295431,4148561166,SAVINGS,2014-11-03,ail
AIL0000601,FORD-MORGAN,499092905,9822220773,CHECKING,2020-11-06,ail
AIL0000602,"ROSS, CUMMINGS AND HARRIS",811619517,3497983389,SAVINGS,2012-10-19,ail
AIL0000603,MARQUEZ PLC,999191343,1679348721,CHECKING,2006-07-19,ail
AIL0000604,GOULD LTD,492177998,1606782223,CHECKING,2022-05-28,ail
AIL0000605,"MUELLER, COX AND FORD",182748233,9643525901,SAVINGS,2018-11-29,ail
AIL0000606,BROOKS-PARKER,260757642,4287444025,SAVINGS,2020-04-28,ail
AIL0000607,THOMAS-RODRIGUEZ,898389261,9369885242,SAVINGS,2007-06-24,ail
AIL0000608,"CHAVEZ, CONWAY AND SOSA",541868896,8398327804,SAVINGS,2005-09-14,ail
AIL0000609,"JENKINS, GONZALEZ AND MORGAN",939018541,5351701335,CHECKING,2019-10-04,ail
AIL0000610,KELLER PLC,267382753,3759320154,CHECKING,2009-12-14,ail
AIL0000611,WHITE-RAMOS,640409345,1688692817,SAVINGS,2023-08-31,ail
AIL0000612,"CLARK, BRADLEY AND JACKSON",994083442,6271277159,CHECKING,2024-12-21,ail
AIL0000613,"BECKER, HAMMOND AND DAVIDSON",391872669,5179528603,SAVINGS,2010-12-18,ail
AIL0000614,"CASEY, GONZALEZ AND JENKINS",234360915,4191739394,SAVINGS,2016-08-26,ail
AIL0000615,SANCHEZ-RODGERS,764693183,1240504531,SAVINGS,2010-07-31,ail
AIL0000616,STEWART-FITZPATRICK,297239684,8268916871,SAVINGS,2019-04-29,ail
AIL0000617,"SCHMIDT, FULLER AND JOHNSON",436284832,2634106492,CHECKING,2009-01-17,ail
AIL0000618,BUCHANAN INC,962578964,2822019158,SAVINGS,2025-12-09,ail
AIL0000619,SMITH INC,216394564,1448394850,SAVINGS,2019-03-16,ail
AIL0000620,PHELPS-EDWARDS,747670508,2440839808,CHECKING,2022-03-05,ail
AIL0000621,HARRIS-HERNANDEZ,403017384,1457261738,CHECKING,2021-04-16,ail
AIL0000622,PARKER INC,741142796,9202043288,CHECKING,2005-02-23,ail
AIL0000623,HANSON-STEWART,692374111,4990891827,CHECKING,2023-06-09,ail
AIL0000624,ALVAREZ-PADILLA,389016952,9782669254,SAVINGS,2005-11-06,ail
AIL0000625,TURNER-LANG,149049185,5501335775,CHECKING,2010-10-01,ail
AIL0000626,LESTER AND SONS,431361946,6131986440,SAVINGS,2022-10-14,ail
AIL0000627,PERRY PLC,879201690,3897756110,SAVINGS,2007-02-21,ail
AIL0000628,"ORTIZ, HOFFMAN AND FULLER",537320614,3162852783,CHECKING,2025-09-04,ail
AIL0000629,"LUCERO, VAUGHN AND MCKEE",125431905,6936124697,CHECKING,2007-09-15,ail
AIL0000630,BECK AND SONS,411513318,1692447546,SAVINGS,2006-03-20,ail
AIL0000631,DAVIS-WILLIAMS,184560232,4085773843,CHECKING,2016-04-08,ail
AIL0000632,KENNEDY-WOODS,967020791,4086168237,SAVINGS,2017-11-26,ail
AIL0000633,WILLIS LLC,580478208,4373060563,SAVINGS,2012-07-16,ail
AIL0000634,RICHARDS-WHITE,412288779,2850707619,SAVINGS,2016-04-03,ail
AIL0000635,WALLER LTD,356743087,3136844280,CHECKING,2013-11-13,ail
AIL0000636,"COOPER, MORGAN AND MILLER",253139764,4844574882,SAVINGS,2022-06-04,ail
AIL0000637,JONES-TAYLOR,201054129,7248352168,CHECKING,2013-03-12,ail
AIL0000638,BYRD-RANGEL,417406866,1693519046,SAVINGS,2012-11-04,ail
AIL0000639,HANEY LTD,719024641,6855450328,CHECKING,2023-05-09,ail
AIL0000640,NIXON LLC,176379467,8610426538,SAVINGS,2018-12-06,ail
AIL0000641,DAWSON-RUSH,608160077,9497523041,SAVINGS,2011-11-05,ail
AIL0000642,GOMEZ GROUP,798245804,4969240305,CHECKING,2017-04-04,ail
AIL0000643,HOWELL PLC,710672894,3097056432,SAVINGS,2020-09-03,ail
AIL0000644,FREY-DIAZ,407761324,7016988123,CHECKING,2011-05-16,ail
AIL0000645,LEE-RAMIREZ,573335114,9383969266,SAVINGS,2006-06-30,ail
AIL0000646,"STRONG, JOHNSON AND FLORES",189647293,8224997846,SAVINGS,2005-06-06,ail
AIL0000647,WILLIAMS AND SONS,382208801,9773224781,CHECKING,2016-05-28,ail
AIL0000648,"PARKER, COLE AND HAMILTON",895688388,4395560956,CHECKING,2016-03-25,ail
AIL0000649,NELSON LTD,265959933,4663863897,SAVINGS,2012-06-25,ail
AIL0000650,HOPKINS-COOK,503535467,1313441038,SAVINGS,2011-10-13,ail
AIL0000651,ANDERSON PLC,596367839,3873979788,SAVINGS,2024-09-16,ail
AIL0000652,NAVARRO INC,600232257,8809494982,CHECKING,2011-04-15,ail
AIL0000653,JAMES-CONWAY,192151258,2860212181,SAVINGS,2020-03-17,ail
AIL0000654,PRICE-DOMINGUEZ,452961097,5571870428,SAVINGS,2012-01-04,ail
AIL0000655,TERRY-ROGERS,748936722,3088621200,SAVINGS,2020-05-05,ail
AIL0000656,"NASH, MUELLER AND RUSSELL",222757072,6490579087,CHECKING,2025-05-22,ail
AIL0000657,ANDERSON-REED,685276505,3018495252,CHECKING,2021-02-19,ail
AIL0000658,TRAN-BURNS,443797765,3440428643,SAVINGS,2024-09-28,ail
AIL0000659,MILLER-COLE,167001765,3033278918,CHECKING,2009-03-20,ail
AIL0000660,"MILLER, WADE AND FLORES",327088752,4728120111,SAVINGS,2018-09-26,ail
AIL0000661,"HUANG, JOHNSON AND ANDERSON",389747205,1756367883,CHECKING,2020-06-08,ail
AIL0000662,SANCHEZ AND SONS,174366341,6471381674,CHECKING,2024-02-11,ail
AIL0000663,BROWN-ARMSTRONG,420336702,9130688289,CHECKING,2005-05-03,ail
AIL0000664,MAXWELL INC,991795300,1230821363,SAVINGS,2025-10-17,ail
AIL0000665,SHARP LTD,467240263,2275197185,CHECKING,2014-08-04,ail
AIL0000666,BERG-WILLIAMSON,475032525,9340575870,SAVINGS,2013-11-03,ail
AIL0000667,AGUILAR GROUP,610563615,4366641864,SAVINGS,2022-08-26,ail
AIL0000668,"MARKS, HARTMAN AND RODRIGUEZ",480848036,7744459607,CHECKING,2010-07-06,ail
AIL0000669,BROWN AND SONS,702270855,3564647996,CHECKING,2019-02-23,ail
AIL0000670,HARDIN INC,876018644,3647900506,SAVINGS,2008-09-25,ail
AIL0000671,DAVIS INC,813032149,2359422830,CHECKING,2019-06-29,ail
AIL0000672,HAMILTON LTD,592481419,5010723787,SAVINGS,2020-08-12,ail
AIL0000673,CLARK LTD,439740334,7040384625,CHECKING,2015-03-06,ail
AIL0000674,HUGHES LTD,583784000,4681934042,SAVINGS,2012-04-08,ail
AIL0000675,"LEE, ROTH AND ERICKSON",786031253,1418527641,CHECKING,2006-11-30,ail
AIL0000676,JACOBS-LOPEZ,900697371,5204910390,SAVINGS,2008-08-02,ail
AIL0000677,DENNIS-VARGAS,847803291,2621593120,SAVINGS,2019-10-17,ail
AIL0000678,RAMOS PLC,325231389,5090427575,CHECKING,2022-03-29,ail
AIL0000679,MILLER AND SONS,497559799,8790122996,CHECKING,2022-03-03,ail
AIL0000680,THOMAS-WEAVER,424210400,9146070829,CHECKING,2024-10-19,ail
AIL0000681,GRAVES LTD,850886071,9585846518,SAVINGS,2018-06-27,ail
AIL0000682,LOPEZ LLC,540649487,6805631767,SAVINGS,2023-07-06,ail
AIL0000683,MARTIN LTD,661749319,2442364344,CHECKING,2019-12-18,ail
AIL0000684,"PHILLIPS, GUTIERREZ AND DAVIDSON",592658048,7134860926,CHECKING,2014-05-09,ail
AIL0000685,SIMMONS LLC,693514629,3555040867,SAVINGS,2015-03-20,ail
AIL0000686,"ALLEN, SMITH AND ZAMORA",509700501,8216755528,SAVINGS,2023-05-26,ail
AIL0000687,"KING, WEBSTER AND BROWN",853866212,4680775250,CHECKING,2008-01-08,ail
AIL0000688,SNYDER LTD,965371229,4595894877,CHECKING,2009-09-09,ail
AIL0000689,HARVEY GROUP,797529095,9660485827,SAVINGS,2020-06-12,ail
AIL0000690,CRAIG LTD,211320508,9730103138,SAVINGS,2010-10-29,ail
AIL0000691,SMITH-GARNER,551659683,1909979573,SAVINGS,2016-02-19,ail
AIL0000692,FLORES LLC,692263008,2636725415,CHECKING,2011-07-08,ail
AIL0000693,"BECKER, GREGORY AND JONES",604201501,5082587589,SAVINGS,2018-10-20,ail
AIL0000694,ACOSTA-FLORES,952283874,9220693336,SAVINGS,2019-05-15,ail
AIL0000695,HARMON-CASTILLO,980917094,2699984810,SAVINGS,2012-04-07,ail
AIL0000696,EVANS-BURNS,939876620,6513039012,SAVINGS,2005-08-27,ail
AIL0000697,"DUARTE, LEE AND MATTHEWS",430064674,2037468443,SAVINGS,2022-11-19,ail
AIL0000698,VAZQUEZ GROUP,135084096,1066701133,CHECKING,2012-07-08,ail
AIL0000699,HOBBS-NGUYEN,948803790,7871714360,SAVINGS,2021-04-05,ail
AIL0000700,FORD-NOLAN,282977147,9559135932,CHECKING,2024-12-01,ail
AIL0000701,HERNANDEZ-ROJAS,696720830,9476076392,CHECKING,2013-06-01,ail
AIL0000702,BARNES-JOHNSON,761712635,8062791807,CHECKING,2022-07-19,ail
AIL0000703,KRAMER GROUP,960423299,2842980985,SAVINGS,2024-09-02,ail
AIL0000704,"HERNANDEZ, DIAZ AND HAMILTON",881805071,6041077282,SAVINGS,2007-07-09,ail
AIL0000705,"WHITEHEAD, HERNANDEZ AND SHAH",655422035,5975477610,CHECKING,2015-10-29,ail
AIL0000706,DAVIS GROUP,206920983,9232015048,CHECKING,2022-05-25,ail
AIL0000707,HERNANDEZ-ROGERS,446179340,1875153615,CHECKING,2021-04-02,ail
AIL0000708,CRAWFORD AND SONS,127530985,2878709078,CHECKING,2005-12-27,ail
AIL0000709,GALLEGOS-NASH,129869705,5176425710,SAVINGS,2021-09-21,ail
AIL0000710,PEREZ-TUCKER,127154794,2538119509,CHECKING,2009-04-27,ail
AIL0000711,"PORTER, GRAHAM AND YORK",800640935,4856490828,SAVINGS,2008-07-14,ail
AIL0000712,COSTA-BROWN,308122210,8671018609,SAVINGS,2012-11-09,ail
AIL0000713,JONES LLC,807872562,5517226989,CHECKING,2011-12-26,ail
AIL0000714,"WOODS, ROBERTS AND YOUNG",254371352,3694825728,CHECKING,2020-02-25,ail
AIL0000715,LARA-BUTLER,219111815,3559347163,CHECKING,2024-12-28,ail
AIL0000716,FRYE LTD,252294589,6508136828,CHECKING,2012-01-04,ail
AIL0000717,MORGAN LLC,199618698,5627318014,SAVINGS,2022-02-23,ail
AIL0000718,"MONTGOMERY, CARR AND GEORGE",323308727,2678474117,SAVINGS,2011-12-18,ail
AIL0000719,"CAMPBELL, HARDY AND ROMAN",954098766,5389271768,CHECKING,2018-11-02,ail
AIL0000720,WOOD GROUP,622393962,1327760496,SAVINGS,2015-03-03,ail
AIL0000721,SMITH LLC,502926308,9116257777,SAVINGS,2023-12-21,ail
AIL0000722,SANCHEZ-BLACKBURN,968172937,1691934899,SAVINGS,2023-05-04,ail
AIL0000723,"HALL, WIGGINS AND EDWARDS",110888052,4881096387,CHECKING,2014-04-10,ail
AIL0000724,BUCHANAN-PETERS,225850205,9486494079,SAVINGS,2023-04-04,ail
AIL0000725,"LEON, HALE AND WINTERS",619595468,1021537349,SAVINGS,2010-04-19,ail
AIL0000726,HARRINGTON-ARMSTRONG,230560149,9716873396,CHECKING,2018-05-16,ail
AIL0000727,ERICKSON PLC,656192815,1654321163,SAVINGS,2006-07-25,ail
AIL0000728,LI AND SONS,223253165,4859338963,CHECKING,2019-06-20,ail
AIL0000729,ELLIOTT-ZAMORA,451693111,1595132228,CHECKING,2019-04-09,ail
AIL0000730,DIXON-DAVIS,881409059,5838625323,SAVINGS,2017-12-18,ail
AIL0000731,HANSON INC,617087085,5689974759,SAVINGS,2020-03-29,ail
AIL0000732,"HENRY, MORRISON AND MACDONALD",601484407,7424419411,SAVINGS,2018-01-26,ail
AIL0000733,"ADAMS, COLE AND WATERS",307290415,2074141917,CHECKING,2025-03-18,ail
AIL0000734,JOSEPH-COX,837722327,8376160226,SAVINGS,2024-04-26,ail
AIL0000735,WELLS AND SONS,210482235,2338247946,CHECKING,2013-08-02,ail
AIL0000736,"SMITH, KELLY AND OLIVER",875306396,7390188891,SAVINGS,2013-08-17,ail
AIL0000737,"THOMAS, NELSON AND FLORES",554984487,6940136692,CHECKING,2005-05-09,ail
AIL0000738,JACOBS-HERRERA,708964125,6810727866,CHECKING,2008-01-30,ail
AIL0000739,"LOPEZ, BRADSHAW AND JACOBS",582543215,7491228078,SAVINGS,2015-03-12,ail
AIL0000740,QUINN-MOSS,415114820,7573439658,SAVINGS,2009-03-03,ail
